word,random|answers,frequency|answers,expected-size|answers,minimax|answers,entropy|answers,expected-size|all,minimax|all,entropy|all
aback,4,3,3,3,3,4,3,4
abase,4,3,3,2,3,4,2,3
abate,5,3,3,2,3,3,3,3
abbey,4,4,4,3,4,3,3,4
abbot,4,4,4,3,3,3,3,3
abhor,3,4,3,3,4,3,3,4
abide,6,4,3,3,3,3,3,3
abled,4,4,4,2,4,3,3,3
abode,3,3,3,3,3,3,3,3
abort,2,3,3,2,3,2,3,3
about,4,3,3,3,3,3,3,3
above,4,4,4,4,3,3,4,3
abuse,3,3,3,3,3,3,3,3
abyss,4,3,3,3,3,4,3,3
acorn,4,3,2,3,3,3,3,3
acrid,4,3,3,2,3,3,2,3
actor,4,3,3,3,4,3,3,4
acute,4,2,3,3,3,3,4,3
adage,4,3,4,3,3,4,3,3
adapt,3,3,3,4,3,3,3,3
adept,3,4,3,3,3,3,3,3
admin,4,4,4,2,4,3,3,3
admit,3,4,3,3,3,3,3,3
adobe,4,4,4,3,3,3,4,3
adopt,4,4,4,4,4,3,3,4
adore,5,4,3,2,3,2,3,2
adorn,4,4,3,4,2,3,4,3
adult,4,3,4,4,3,4,3,4
affix,4,4,3,4,3,4,3,3
afire,4,4,2,2,2,3,2,2
afoot,4,5,5,4,3,4,4,3
afoul,3,3,3,3,3,3,3,3
after,3,3,3,2,3,4,3,3
again,4,3,4,3,4,3,3,3
agape,2,4,3,4,4,3,3,4
agate,5,4,4,3,5,3,4,3
agent,3,5,4,3,4,4,3,3
agile,3,5,3,2,3,4,3,3
aging,3,4,3,3,3,3,3,3
aglow,3,4,4,3,4,3,3,3
agony,4,3,4,3,3,3,3,3
agora,5,4,4,4,4,3,3,3
agree,4,3,3,3,3,3,3,3
ahead,3,4,3,3,3,3,3,3
aider,4,3,2,2,2,4,2,4
aisle,4,3,2,2,2,3,2,3
alarm,3,4,3,3,3,4,3,3
album,4,4,4,3,4,4,3,4
alert,4,3,3,3,2,3,3,3
algae,2,3,3,3,3,4,3,3
alibi,3,3,3,3,3,3,3,3
alien,4,3,2,2,2,3,2,3
align,4,4,2,2,3,3,3,3
alike,3,2,2,3,2,3,3,3
alive,5,3,3,4,3,4,3,4
allay,5,4,3,3,3,4,3,3
alley,6,3,3,3,3,4,3,4
allot,4,3,3,3,3,3,3,3
allow,4,3,4,4,3,4,3,3
alloy,3,4,5,2,4,4,4,4
aloft,4,3,3,3,3,3,3,4
alone,4,4,4,3,4,3,3,3
along,5,3,4,4,3,3,3,3
aloof,3,2,4,3,3,4,4,3
aloud,3,4,5,5,4,4,3,4
alpha,3,5,3,4,4,3,4,4
altar,3,3,3,3,3,3,3,3
alter,3,3,4,3,3,3,3,3
amass,4,3,3,2,3,4,2,3
amaze,5,4,5,4,5,3,3,3
amber,4,4,4,3,3,3,3,4
amble,6,3,4,4,3,3,3,4
amend,5,4,3,4,3,4,3,4
amiss,3,3,2,2,2,3,2,3
amity,4,3,3,3,4,3,3,3
among,5,4,5,4,4,4,4,4
ample,4,3,3,4,3,4,3,3
amply,4,4,3,3,3,4,3,4
amuse,4,4,4,3,4,3,3,3
angel,3,3,4,3,4,3,3,3
anger,4,5,4,4,4,4,3,4
angle,3,4,3,4,4,3,3,4
angry,4,3,3,4,3,3,3,3
angst,2,2,3,3,3,3,3,3
anime,3,3,4,4,4,3,3,4
ankle,3,5,4,5,5,4,4,4
annex,6,3,4,3,4,3,3,3
annoy,5,4,3,3,4,3,3,3
annul,4,3,4,3,4,4,3,4
anode,4,3,4,4,3,3,3,3
antic,3,3,3,3,3,3,3,3
anvil,3,3,3,4,3,3,4,3
aorta,3,4,4,4,4,2,3,3
apart,4,3,4,3,4,3,3,3
aphid,3,4,3,4,3,4,3,4
aping,3,3,4,4,4,4,3,4
apnea,3,4,5,4,5,4,3,3
apple,5,4,4,5,4,4,4,4
apply,5,5,4,4,4,4,4,4
apron,3,4,3,3,3,3,3,3
aptly,4,3,4,4,3,3,3,4
arbor,4,3,4,2,3,4,3,3
ardor,2,4,4,3,3,4,3,4
arena,4,4,3,2,3,4,2,3
argue,4,4,3,2,3,3,2,3
arise,5,3,2,1,2,3,1,2
armor,5,3,5,4,4,3,3,3
aroma,4,3,3,3,3,3,3,3
arose,4,4,2,2,2,3,2,2
array,4,3,4,3,4,3,3,3
arrow,5,3,4,3,4,4,3,3
arson,4,3,3,2,3,4,2,2
artsy,4,3,3,2,3,3,2,3
ascot,3,3,3,2,3,3,2,2
ashen,4,2,3,2,3,3,3,3
aside,4,3,2,2,2,3,2,4
askew,4,3,3,3,3,4,3,3
assay,4,3,3,3,3,4,3,3
asset,4,2,3,4,3,3,3,3
atoll,3,3,4,3,3,3,3,3
atone,4,2,3,3,4,2,4,3
attic,3,3,4,4,4,3,4,3
audio,5,5,3,3,3,3,3,4
audit,4,4,3,4,3,4,3,4
augur,5,4,4,3,4,3,4,4
aunty,3,4,4,3,3,3,3,3
avail,4,3,4,4,4,3,4,3
avert,3,4,4,4,3,3,3,3
avian,4,4,3,3,4,3,3,3
avoid,4,6,4,4,4,4,4,4
await,3,3,4,3,4,3,3,3
awake,6,3,3,5,6,4,4,4
award,4,3,5,4,3,4,4,3
aware,6,3,4,3,4,4,3,3
awash,4,3,3,3,3,4,3,4
awful,5,4,5,4,3,4,4,4
awoke,4,4,4,4,4,3,4,3
axial,4,3,3,3,3,4,3,4
axiom,4,4,4,4,3,3,3,4
axion,5,5,4,4,2,3,3,4
azure,4,5,4,4,4,3,3,3
bacon,2,4,4,3,4,3,3,3
badge,4,3,3,3,3,4,3,3
badly,6,4,4,3,4,4,4,4
bagel,5,4,4,3,4,3,4,4
baggy,4,4,3,4,3,4,4,4
baker,3,4,4,5,4,3,5,5
baler,4,3,4,3,4,3,3,3
balmy,5,4,4,5,4,3,4,4
banal,4,3,3,4,3,3,3,4
banjo,4,4,4,4,4,3,4,3
barge,4,4,2,2,2,3,3,3
baron,3,3,4,4,4,3,4,3
basal,4,2,3,3,3,3,4,3
basic,3,4,2,3,2,3,3,4
basil,4,3,3,3,3,3,3,3
basin,5,3,4,3,4,3,3,3
basis,5,3,5,4,5,4,4,4
baste,7,2,3,3,3,3,4,4
batch,6,4,4,3,4,4,4,4
bathe,3,3,4,4,4,2,3,3
baton,2,3,4,4,4,3,4,3
batty,2,3,3,3,3,4,4,4
bawdy,3,5,3,4,3,4,5,4
bayou,5,3,3,3,3,3,3,4
beach,6,3,3,4,3,3,4,3
beady,4,2,3,3,3,3,3,3
beard,6,3,3,4,3,3,4,3
beast,4,2,2,2,2,4,3,3
beech,3,4,3,4,3,4,3,3
beefy,4,3,4,4,4,4,4,4
befit,3,4,3,3,3,4,3,3
began,4,4,3,3,3,3,3,3
begat,4,4,3,3,3,4,3,3
beget,3,3,3,4,3,3,3,3
begin,3,4,3,3,3,4,3,3
begun,2,4,3,4,3,4,4,4
being,4,4,4,3,4,4,3,4
belch,4,3,3,3,3,3,4,3
belie,5,3,3,3,3,3,3,3
belle,5,2,3,3,3,4,3,3
belly,6,3,4,4,4,4,4,4
below,4,4,5,3,5,3,4,3
bench,5,4,4,3,4,4,4,3
beret,3,4,3,3,3,3,3,3
berry,4,4,4,3,4,4,5,3
berth,3,3,4,4,3,2,3,4
beset,3,2,4,4,4,3,4,3
betel,3,3,2,3,2,3,3,3
bevel,6,3,3,3,3,3,3,3
bezel,6,4,4,4,4,4,4,4
bible,3,3,3,4,3,4,4,3
bicep,4,4,3,3,3,3,3,3
biddy,5,4,4,5,4,4,4,4
bigot,4,3,3,4,3,4,4,3
bilge,3,3,3,3,3,3,4,3
billy,4,3,4,3,4,4,4,5
binge,2,3,2,3,2,3,3,3
bingo,2,3,3,4,3,3,4,3
biome,4,4,4,4,4,3,4,3
birch,3,3,3,3,3,3,3,3
birth,3,2,3,3,3,3,3,3
bison,4,3,3,3,3,3,3,3
bitty,6,3,4,4,4,4,4,5
black,6,3,3,4,3,4,4,3
blade,6,3,3,3,2,4,3,4
blame,4,4,4,4,3,3,3,4
bland,6,3,4,3,4,4,3,3
blank,4,3,3,3,4,4,4,4
blare,6,2,3,3,3,3,3,3
blast,3,2,3,3,3,3,4,3
blaze,5,5,5,5,4,4,4,3
bleak,2,3,4,4,4,3,4,4
bleat,4,2,3,3,3,3,4,4
bleed,3,2,3,3,3,4,3,3
bleep,4,3,4,4,4,3,3,3
blend,4,3,3,4,3,3,3,3
bless,4,2,3,3,3,3,3,3
blimp,2,4,3,3,4,3,4,3
blind,5,3,3,3,3,4,3,3
blink,4,3,4,4,4,4,4,4
bliss,4,3,3,3,3,3,3,3
blitz,4,2,4,4,3,3,3,3
bloat,4,2,3,3,3,2,4,4
block,4,4,3,3,3,4,4,3
bloke,3,3,4,4,4,3,4,3
blond,5,4,3,2,4,4,3,3
blood,5,4,4,3,4,3,4,3
bloom,6,3,3,4,3,4,4,4
blown,2,3,4,3,3,4,4,3
bluer,4,3,4,3,5,4,4,4
bluff,4,3,4,3,4,4,3,3
blunt,4,3,4,3,4,3,4,3
blurb,3,4,3,3,3,3,3,3
blurt,2,3,3,3,3,3,3,3
blush,6,2,3,3,3,4,3,4
board,5,4,3,3,3,2,3,2
boast,6,3,3,3,3,3,4,3
bobby,4,4,4,4,4,4,4,4
boney,6,3,3,3,3,4,4,3
bongo,5,4,4,3,4,3,3,4
bonus,3,3,3,3,3,3,3,3
booby,5,5,4,3,4,3,4,4
boost,5,3,3,3,3,4,3,3
booth,4,3,4,4,3,3,4,3
booty,3,3,5,4,5,3,4,3
booze,5,4,4,4,4,3,4,3
boozy,4,4,3,5,6,4,4,5
borax,4,4,4,4,4,3,4,3
borne,3,4,4,4,4,3,4,3
bosom,4,3,3,3,3,4,3,3
bossy,4,4,3,3,3,4,3,3
botch,3,4,3,3,4,3,4,4
bough,4,4,4,4,3,3,3,4
boule,5,4,4,3,4,3,3,3
bound,4,3,3,3,3,3,3,4
bowel,3,3,3,3,3,3,4,4
boxer,4,5,6,6,6,4,5,4
brace,3,4,3,3,3,3,3,3
braid,4,4,3,4,3,3,3,3
brain,4,3,4,3,4,4,4,4
brake,6,3,4,4,4,4,3,4
brand,4,4,4,3,3,4,3,4
brash,3,3,2,2,2,4,3,3
brass,6,4,3,3,3,3,3,3
brave,5,3,4,4,4,4,4,5
bravo,5,4,4,5,4,2,4,2
brawl,5,3,5,4,5,4,4,3
brawn,4,4,3,3,3,4,4,4
bread,5,4,3,3,3,3,3,4
break,3,3,3,3,4,4,4,4
breed,6,4,4,3,3,4,3,4
briar,6,4,2,2,2,3,3,3
bribe,5,4,4,4,4,4,4,4
brick,3,3,4,4,4,4,4,4
bride,3,5,3,3,3,4,4,3
brief,5,3,3,3,3,3,3,3
brine,4,3,5,5,5,4,4,4
bring,5,3,3,3,3,3,3,3
brink,4,4,4,4,4,3,3,3
briny,4,3,5,5,5,4,3,4
brisk,5,3,2,2,2,3,3,3
broad,4,4,3,3,3,4,3,3
broil,4,3,3,3,3,4,3,3
broke,4,4,4,4,4,4,4,4
brood,5,3,4,3,4,4,4,5
brook,4,4,5,4,4,5,4,5
broom,3,5,4,4,5,4,4,5
broth,3,3,3,4,4,2,4,4
brown,4,4,4,3,4,4,4,4
brunt,5,4,3,3,3,4,3,3
brush,3,3,3,3,3,3,3,3
brute,4,3,3,3,3,3,3,3
buddy,4,4,4,3,4,4,3,4
budge,4,4,3,3,3,4,4,4
buggy,3,4,5,3,4,4,3,4
bugle,3,5,3,3,3,3,3,3
build,6,4,4,4,4,4,3,3
built,3,2,3,3,3,4,4,4
bulge,3,4,3,4,3,4,4,3
bulky,2,3,3,3,4,4,3,4
bully,5,4,3,4,3,4,4,4
bunch,4,4,3,3,3,4,3,4
bunny,4,3,4,3,4,4,4,3
burly,5,4,3,4,3,3,4,4
burnt,5,4,3,3,3,3,3,4
burst,3,4,3,2,3,3,2,3
bused,3,3,3,3,3,4,3,3
bushy,4,3,4,3,4,4,4,4
butch,4,3,4,4,4,4,4,4
butte,5,3,3,4,3,3,3,3
buxom,5,3,4,4,4,3,4,4
buyer,4,5,3,4,4,4,4,4
bylaw,4,4,3,3,3,3,3,4
cabal,3,3,4,3,4,4,3,3
cabby,4,4,4,3,4,4,3,3
cabin,4,4,3,4,3,4,3,3
cable,3,2,2,2,2,4,4,4
cacao,5,4,4,4,4,3,4,3
cache,5,4,3,3,3,4,4,4
cacti,3,3,3,3,3,3,3,3
caddy,4,4,4,3,4,4,4,4
cadet,4,3,3,3,3,3,4,3
cagey,5,3,4,4,4,3,4,4
cairn,4,3,3,3,3,3,3,3
camel,4,3,4,3,4,4,3,3
cameo,2,4,5,3,5,2,3,2
canal,4,2,4,3,4,4,3,3
candy,5,3,3,2,3,4,3,3
canny,3,4,4,3,4,4,4,3
canoe,3,3,4,4,4,3,4,3
canon,3,3,4,4,4,4,4,3
caper,5,3,3,5,3,4,4,4
caput,4,3,3,4,3,3,3,3
carat,3,3,3,4,3,3,4,3
cargo,4,4,4,4,4,3,4,3
carol,2,3,3,3,3,3,4,3
carry,5,3,3,3,3,3,4,3
carve,4,3,3,3,3,3,3,3
caste,3,3,2,4,2,3,4,4
catch,6,5,4,5,4,3,4,3
cater,4,2,3,3,3,3,4,4
catty,4,2,4,4,4,4,3,4
caulk,3,3,4,4,4,4,4,4
cause,4,3,3,2,3,3,3,4
cavil,5,4,3,3,3,3,3,3
cease,5,3,2,3,2,3,3,3
cedar,4,3,3,3,3,3,4,3
cello,4,4,3,3,3,3,4,3
chafe,5,4,4,3,4,4,4,4
chaff,5,3,3,4,3,3,4,3
chain,5,4,4,3,4,3,3,3
chair,4,4,3,3,3,3,3,3
chalk,3,3,3,3,4,3,4,3
champ,5,5,4,5,4,4,4,4
chant,3,4,5,4,4,3,3,3
chaos,2,3,3,3,3,2,3,2
chard,4,3,3,3,3,3,3,3
charm,4,4,4,4,4,4,4,3
chart,6,4,5,5,3,3,4,3
chase,5,2,3,4,3,4,3,3
chasm,4,3,3,3,3,3,3,3
cheap,2,3,3,3,3,4,3,3
cheat,3,3,3,3,3,3,3,4
check,4,4,4,4,4,4,4,3
cheek,5,4,3,3,3,3,4,4
cheer,4,3,5,5,3,4,3,5
chess,5,3,2,2,2,3,3,3
chest,3,4,3,3,3,4,3,3
chick,5,4,3,3,3,3,3,3
chide,4,3,4,4,4,3,3,3
chief,6,3,3,3,3,4,3,4
child,3,3,3,3,3,4,4,4
chili,3,4,4,4,4,4,4,4
chill,3,4,5,5,5,4,4,4
chime,4,4,5,5,5,4,4,4
china,4,4,3,3,3,4,3,3
chirp,4,3,3,3,3,4,3,3
chock,4,3,3,4,3,3,4,3
choir,4,3,3,3,3,3,3,3
choke,2,3,4,4,4,3,3,3
chord,4,4,4,3,3,4,3,3
chore,4,3,3,3,3,3,3,2
chose,5,3,3,2,3,3,3,3
chuck,4,3,3,4,3,4,4,3
chump,5,4,4,4,3,3,3,4
chunk,3,3,4,3,3,4,5,3
churn,4,3,3,3,3,4,3,3
chute,3,4,3,3,3,3,3,3
cider,5,3,3,4,3,4,4,3
cigar,4,4,3,3,3,3,3,3
cinch,5,3,4,4,4,4,4,3
circa,3,4,4,3,4,3,3,3
civic,4,4,4,3,4,4,3,3
civil,5,4,3,3,3,3,3,3
clack,3,3,3,4,4,4,4,3
claim,4,3,3,3,3,3,3,3
clamp,5,4,3,4,4,3,4,3
clang,5,3,4,3,5,4,3,3
clank,5,2,4,4,4,3,4,3
clash,4,2,3,3,3,4,3,3
clasp,4,3,4,4,4,4,4,3
class,6,4,3,3,3,4,3,3
clean,4,2,3,3,3,3,4,3
clear,4,3,3,3,3,3,4,3
cleat,4,3,2,4,2,3,4,3
cleft,4,2,4,3,4,3,3,3
clerk,4,3,3,3,3,3,4,3
click,4,4,3,3,4,4,4,4
cliff,4,3,4,4,4,4,4,4
climb,5,4,5,5,4,4,4,4
cling,4,4,2,2,3,4,4,3
clink,3,4,3,3,4,4,4,4
cloak,5,3,2,4,3,4,4,3
clock,4,3,3,4,4,4,4,3
clone,6,4,3,4,3,3,3,3
close,3,2,3,3,3,3,3,3
cloth,4,3,4,3,3,3,4,3
cloud,3,3,3,3,3,4,3,4
clout,4,4,3,4,4,3,3,3
clove,5,3,4,3,4,4,4,3
clown,4,4,5,3,3,4,4,3
cluck,6,3,3,4,3,4,4,3
clued,4,3,3,4,3,4,3,3
clump,4,4,4,3,3,3,5,4
clung,3,3,5,4,4,4,3,3
coach,4,3,3,4,4,3,4,3
coast,5,4,4,4,4,3,4,3
cobra,3,4,3,4,3,3,4,2
cocoa,5,4,4,4,4,3,4,3
colon,4,3,3,3,3,3,3,3
color,4,4,3,4,3,3,4,3
comet,4,4,3,3,3,3,3,3
comfy,3,3,3,3,3,4,4,3
comic,4,4,3,4,3,4,4,3
comma,6,4,4,5,3,3,4,3
conch,2,3,4,3,4,4,4,4
condo,5,4,3,3,3,3,3,4
conic,5,4,4,3,4,4,3,4
copse,3,5,3,3,3,4,3,3
coral,4,3,3,3,4,3,3,3
corer,6,4,5,4,4,4,4,4
corny,3,3,3,3,4,3,3,3
couch,3,3,3,4,3,4,4,3
cough,5,4,4,5,3,4,5,4
could,3,4,2,3,4,3,3,3
count,4,3,4,3,3,3,4,3
coupe,3,3,4,4,4,3,3,3
court,2,4,3,4,2,3,4,3
coven,4,3,4,4,4,3,3,4
cover,5,4,4,5,5,4,5,5
covet,4,3,4,4,4,3,4,3
covey,5,4,4,4,4,3,4,4
cower,4,5,4,4,3,4,4,4
coyly,5,3,3,4,4,4,5,3
crack,4,2,4,4,4,3,4,4
craft,3,4,4,3,4,3,4,3
cramp,5,3,4,5,4,4,4,4
crane,4,4,3,3,3,4,4,4
crank,5,3,3,4,3,4,3,3
crash,3,2,3,3,3,4,3,3
crass,6,3,3,3,3,3,3,3
crate,3,2,4,4,4,3,4,3
crave,5,4,5,5,5,4,4,4
crawl,3,2,5,3,5,4,4,3
craze,3,5,6,6,6,4,4,4
crazy,4,4,6,6,6,4,3,4
creak,4,3,4,4,4,4,3,4
cream,3,4,4,4,5,3,4,4
credo,5,3,3,2,3,3,3,3
creed,2,3,3,3,4,4,3,4
creek,5,4,4,3,4,4,3,4
creep,5,5,5,4,3,3,4,4
creme,5,3,4,4,3,3,3,3
crepe,2,3,3,3,3,3,3,3
crept,3,4,3,4,3,3,3,3
cress,3,3,2,2,2,4,3,3
crest,5,3,3,3,3,4,3,3
crick,4,4,5,5,5,4,4,4
cried,4,3,3,2,3,4,3,4
crier,3,4,3,3,3,4,3,3
crime,4,3,4,4,4,3,3,3
crimp,4,3,3,3,3,4,4,3
crisp,5,4,3,3,3,3,3,3
croak,3,5,3,4,3,3,4,4
crock,5,3,4,3,4,4,4,3
crone,5,4,4,4,4,3,4,3
crony,4,2,3,4,4,3,4,3
crook,3,4,5,4,5,3,4,4
cross,6,3,3,3,3,4,3,3
croup,4,4,3,4,3,4,3,3
crowd,4,5,3,4,4,4,3,4
crown,3,3,4,4,3,3,4,3
crude,4,5,4,4,4,3,4,3
cruel,5,4,3,3,3,3,4,4
crumb,4,4,4,4,3,3,4,3
crump,3,4,5,4,4,4,3,4
crush,4,4,3,3,3,3,3,3
crust,4,4,2,2,2,3,2,3
crypt,3,4,3,4,3,3,3,3
cubic,5,4,3,3,3,4,3,4
cumin,3,4,4,3,4,3,3,4
curio,5,3,3,3,3,3,3,3
curly,5,5,4,3,3,3,4,4
curry,4,3,3,4,3,3,4,3
curse,3,3,2,3,2,3,3,3
curve,3,4,4,3,4,3,3,3
curvy,7,4,4,5,4,4,4,4
cutie,3,3,3,3,3,3,3,3
cyber,4,5,4,5,4,4,4,4
cycle,4,4,4,4,4,4,3,4
cynic,5,3,4,4,4,3,4,4
daddy,5,4,5,3,5,4,4,4
daily,4,4,3,3,3,3,3,3
dairy,4,3,2,2,2,4,3,3
daisy,3,3,2,2,2,3,2,3
dally,6,3,4,4,4,4,5,4
dance,3,4,3,3,3,4,3,4
dandy,2,4,4,3,4,4,4,3
datum,4,3,4,3,4,4,4,4
daunt,6,3,3,3,3,4,4,4
dealt,3,2,4,4,4,3,4,3
death,5,2,3,3,3,2,3,3
debar,3,3,4,4,4,3,3,4
debit,3,3,4,4,4,4,3,3
debug,4,4,3,4,3,3,3,3
debut,3,4,3,4,3,4,3,4
decal,4,4,3,3,3,4,4,3
decay,5,3,3,4,3,3,4,3
decor,4,3,3,3,3,3,3,3
decoy,3,4,3,4,3,3,4,3
decry,3,4,4,4,3,3,3,3
defer,4,3,4,3,3,3,4,3
deign,3,3,3,2,3,3,3,3
deity,3,3,3,3,3,3,3,3
delay,4,4,4,3,4,3,3,4
delta,5,2,3,4,3,2,4,4
delve,3,3,4,3,4,4,3,3
demon,3,4,4,4,4,2,3,3
demur,5,4,3,3,4,3,4,3
denim,5,4,3,4,3,4,3,3
dense,5,4,3,3,3,3,3,3
depot,4,4,4,3,4,3,4,3
depth,4,3,3,4,3,3,3,4
derby,4,5,4,3,4,4,4,3
deter,6,3,3,4,2,3,3,4
detox,4,4,4,4,4,3,4,4
deuce,3,4,4,3,4,3,3,3
devil,2,3,4,4,3,4,4,4
diary,4,4,3,3,3,3,3,3
dicey,4,4,3,4,4,4,3,3
digit,3,4,4,4,4,3,4,4
dilly,4,4,5,4,5,4,5,4
dimly,4,4,4,4,4,3,4,4
diner,3,4,2,3,2,4,3,3
dingo,4,4,4,4,4,4,5,4
dingy,5,4,4,3,4,4,4,4
diode,5,4,4,4,4,4,3,3
dirge,3,3,2,3,2,3,3,4
dirty,3,3,3,3,3,3,3,4
disco,3,4,3,3,3,3,3,3
ditch,4,3,3,3,4,4,4,4
ditto,5,4,3,4,3,3,5,3
ditty,6,3,4,5,4,3,4,3
diver,4,4,3,3,3,4,3,4
dizzy,6,4,4,4,4,4,4,4
dodge,4,5,4,3,4,3,3,3
dodgy,5,4,4,3,4,3,3,4
dogma,4,4,4,3,4,3,4,3
doing,4,4,3,3,3,3,3,3
dolly,5,3,3,3,3,3,3,4
donor,4,3,4,3,3,3,3,3
donut,3,4,3,4,4,3,3,3
dopey,5,4,5,5,5,3,3,4
doubt,5,4,3,3,4,3,3,4
dough,4,4,4,4,4,4,4,4
dowdy,5,3,3,4,4,4,4,4
dowel,2,4,3,4,3,3,4,4
downy,4,3,4,3,4,4,4,4
dowry,4,4,4,3,3,3,4,3
dozen,4,5,5,5,5,3,3,4
draft,5,5,3,4,3,3,4,3
drain,4,4,4,4,4,3,3,4
drake,4,4,3,3,3,4,3,3
drama,4,5,4,4,4,4,4,4
drank,5,3,4,4,4,3,3,4
drape,3,5,4,4,4,4,4,4
drawl,4,4,5,5,5,3,4,4
drawn,3,4,4,4,3,4,3,4
dread,3,4,4,4,4,4,4,4
dream,4,5,3,3,4,4,3,5
dress,3,4,3,3,3,3,3,3
dried,4,4,4,3,4,4,3,3
drier,2,4,3,3,3,4,4,3
drift,3,4,3,3,3,3,4,3
drill,4,3,4,3,4,4,3,4
drink,6,4,4,4,4,4,4,4
drive,3,4,4,4,4,4,4,4
droit,4,4,2,3,2,3,3,3
droll,3,3,3,3,4,4,4,4
drone,4,4,3,3,3,4,3,3
drool,3,4,4,4,4,4,4,4
droop,2,4,4,4,3,4,3,4
dross,4,4,3,3,3,4,3,3
drove,5,3,3,3,4,4,4,3
drown,3,5,4,3,5,4,4,4
druid,3,3,3,3,3,4,3,4
drunk,4,4,4,2,3,3,3,3
dryer,4,4,5,3,3,4,3,3
dryly,3,3,3,4,3,4,4,4
duchy,3,4,3,4,3,4,4,3
dully,5,4,3,3,4,4,3,4
dummy,5,4,4,3,4,4,3,4
dumpy,5,3,3,4,4,3,4,4
dunce,5,3,3,4,3,4,4,3
dusky,3,4,3,4,3,4,4,3
dusty,3,3,3,3,3,3,4,4
dutch,5,4,4,4,4,4,4,4
duvet,5,4,4,3,4,3,3,3
dwarf,4,4,4,4,4,4,3,3
dwell,3,3,3,3,3,4,3,3
dwelt,5,3,3,3,3,3,3,3
dying,6,3,4,4,4,3,3,3
eager,4,4,4,4,4,4,4,4
eagle,4,3,3,3,3,4,4,3
early,5,4,3,3,3,3,3,3
earth,3,2,3,3,3,2,3,3
easel,5,2,2,3,2,4,3,3
eaten,3,3,4,3,4,3,3,4
eater,7,3,4,4,4,3,4,4
ebony,4,3,3,4,3,3,4,4
eclat,3,3,3,4,3,3,4,3
edict,3,4,2,3,2,3,3,3
edify,3,3,3,4,3,3,4,3
eerie,4,4,3,3,3,4,3,3
egret,3,3,4,4,3,3,4,4
eight,7,4,3,4,3,4,3,4
eject,4,3,3,4,3,3,3,3
eking,4,4,3,3,3,3,4,3
elate,5,2,3,4,4,3,4,3
elbow,3,3,3,4,3,3,4,3
elder,4,3,4,3,3,3,4,4
elect,4,3,3,4,3,3,4,4
elegy,4,3,3,4,3,3,3,3
elfin,4,3,4,3,3,4,3,4
elide,6,4,3,3,3,3,3,3
elite,4,2,3,3,3,3,3,3
elope,4,5,4,3,4,4,4,4
elude,3,3,4,2,4,4,3,4
email,2,3,2,2,2,3,2,3
embed,4,4,3,4,3,4,4,4
ember,4,4,5,4,4,4,4,4
emcee,4,4,4,3,4,4,4,4
empty,3,3,3,4,3,3,3,3
enact,4,3,3,4,3,3,4,3
endow,4,4,4,3,4,3,4,4
enema,5,4,4,4,4,4,4,4
enemy,3,3,3,4,3,3,3,3
enjoy,2,4,3,4,3,3,3,3
ennui,3,4,3,3,3,3,3,3
ensue,3,3,3,3,3,4,3,3
enter,5,3,4,3,3,2,4,4
entry,3,3,3,4,3,3,3,3
envoy,4,3,4,3,4,4,4,4
epoch,4,4,4,4,4,3,3,3
epoxy,4,4,4,4,4,4,4,4
equal,5,3,4,3,4,3,3,4
equip,5,4,4,3,4,4,3,4
erase,3,4,3,2,3,3,2,2
erect,2,4,4,3,3,3,3,4
erode,3,4,4,4,4,4,4,4
error,3,3,4,3,3,3,3,3
erupt,3,4,3,3,4,3,4,4
essay,4,3,3,3,3,4,3,3
ester,4,3,3,3,3,3,3,3
ether,3,3,3,4,3,3,3,4
ethic,3,3,4,4,4,4,4,4
ethos,3,3,4,4,4,3,4,3
etude,3,3,4,3,4,3,4,4
evade,3,3,5,4,3,4,3,4
event,4,3,4,4,4,4,3,3
every,5,3,4,5,3,3,4,3
evict,3,3,3,4,3,4,3,4
evoke,3,5,4,4,4,3,4,4
exact,4,4,4,5,4,3,4,4
exalt,5,3,4,3,4,3,3,4
excel,3,3,3,4,3,4,4,4
exert,3,4,4,4,4,4,4,3
exile,5,3,3,3,3,3,4,3
exist,3,4,2,2,2,3,2,4
expel,4,4,4,5,4,4,4,4
extol,4,3,3,3,3,3,4,3
extra,3,3,4,3,3,3,3,3
exult,4,4,4,4,4,3,4,4
eying,3,4,4,4,4,4,3,4
fable,4,3,3,3,3,4,4,4
facet,3,3,4,4,4,3,4,3
faint,4,3,2,2,2,4,2,4
fairy,4,4,3,3,3,4,3,4
faith,4,3,3,3,3,3,3,4
false,3,2,3,3,3,3,3,4
fancy,3,4,4,3,4,4,3,3
fanny,5,4,4,4,4,4,4,3
farce,4,4,4,4,4,4,3,3
fatal,5,2,4,4,4,4,4,4
fatty,6,4,5,4,5,4,4,4
fault,4,3,4,4,4,3,3,3
fauna,5,4,3,4,3,3,4,4
favor,3,4,4,4,4,4,4,4
feast,3,3,3,3,3,4,3,3
fecal,5,3,4,4,4,4,4,4
feign,4,3,3,3,3,4,3,4
fella,4,3,3,4,3,3,4,4
felon,5,4,4,4,4,3,3,3
femme,4,4,4,4,4,4,4,4
femur,3,3,4,3,3,3,4,3
fence,4,4,3,3,3,4,4,4
feral,5,4,3,3,3,4,4,4
ferry,4,3,5,4,5,3,5,3
fetal,3,2,3,3,3,3,3,4
fetch,3,4,5,4,5,4,4,4
fetid,5,5,3,3,4,3,3,3
fetus,3,3,4,4,4,3,4,3
fever,4,2,3,4,3,3,4,4
fewer,4,3,4,5,4,4,5,5
fiber,3,3,4,4,4,4,4,4
fibre,4,4,3,3,3,4,3,3
ficus,3,3,3,3,3,3,3,3
field,4,4,3,3,3,4,3,4
fiend,2,3,3,4,3,4,3,4
fiery,4,3,3,3,3,3,4,3
fifth,2,3,4,3,4,3,4,4
fifty,4,4,4,4,5,4,4,4
fight,4,3,3,4,3,4,5,4
filer,4,3,5,5,5,4,4,4
filet,5,3,4,3,3,3,3,3
filly,6,5,3,5,3,4,5,5
filmy,5,4,4,4,4,3,4,4
filth,5,2,3,3,3,4,3,3
final,4,3,3,3,3,3,3,4
finch,3,4,5,5,5,4,4,4
finer,5,4,3,4,3,4,4,4
first,4,3,2,2,2,3,2,3
fishy,6,3,3,3,3,3,3,3
fixer,4,5,6,6,6,4,5,5
fizzy,3,4,4,5,4,4,4,4
fjord,4,3,4,4,3,4,4,3
flack,5,4,4,4,3,4,3,4
flail,6,3,4,4,4,4,3,4
flair,4,4,3,4,3,4,3,3
flake,5,3,4,4,4,4,4,4
flaky,4,3,3,3,4,3,3,3
flame,3,4,5,5,5,4,5,4
flank,4,4,4,4,4,4,4,4
flare,5,3,4,3,4,4,3,3
flash,6,3,4,4,4,3,4,3
flask,3,3,5,5,5,3,4,4
fleck,5,4,3,4,3,4,4,4
fleet,3,3,3,3,3,3,3,3
flesh,4,3,3,3,3,4,3,3
flick,5,3,3,3,3,3,3,3
flier,4,3,3,2,3,4,3,4
fling,3,3,3,3,4,4,4,4
flint,4,2,4,4,3,3,3,3
flirt,4,3,3,2,3,3,3,3
float,2,3,4,4,2,3,4,4
flock,4,4,4,4,5,4,4,4
flood,5,3,4,4,4,4,3,4
floor,5,4,4,3,4,3,3,4
flora,4,3,3,4,3,4,4,3
floss,4,3,2,2,2,3,2,3
flour,4,3,3,4,4,4,4,4
flout,2,3,3,4,4,3,4,3
flown,4,3,4,4,4,4,4,4
fluff,5,3,4,4,4,4,4,4
fluid,5,4,3,3,3,3,3,3
fluke,6,5,4,3,4,4,4,4
flume,4,4,3,4,3,3,4,3
flung,4,3,4,3,4,3,4,3
flunk,3,2,3,4,3,4,4,4
flush,4,3,3,3,3,4,3,4
flute,3,3,5,5,5,3,4,3
flyer,4,4,4,4,5,4,4,4
foamy,3,4,4,4,3,3,4,3
focal,4,3,3,3,3,3,4,3
focus,4,4,4,4,4,3,3,3
foggy,4,5,4,4,4,4,4,4
foist,6,2,3,2,3,4,3,3
folio,4,4,3,4,3,4,4,3
folly,6,4,4,3,4,5,3,4
foray,3,3,5,3,5,3,3,3
force,5,3,4,3,4,3,3,3
forge,4,4,3,3,3,3,3,3
forgo,3,4,4,4,4,3,4,4
forte,4,3,5,4,3,2,4,4
forth,4,3,3,3,3,3,3,3
forty,4,3,3,3,4,3,3,3
forum,3,4,3,5,3,3,4,3
found,3,4,4,3,4,4,4,4
foyer,6,4,7,7,7,4,4,5
frail,3,3,3,3,3,4,3,3
frame,5,6,5,5,5,4,4,4
frank,4,4,4,5,4,3,3,4
fraud,4,6,4,5,4,4,4,4
freak,4,4,5,5,5,4,4,4
freed,5,3,5,4,5,3,4,4
freer,3,3,4,4,4,3,3,3
fresh,3,4,3,3,3,4,3,3
friar,5,4,3,3,3,4,3,4
fried,2,3,2,4,2,3,3,4
frill,5,4,5,4,5,4,4,4
frisk,5,4,3,3,3,4,3,3
fritz,4,3,3,3,3,3,4,3
frock,3,3,4,4,3,3,4,3
frond,6,4,5,3,4,4,4,4
front,3,4,4,5,3,3,3,3
frost,4,3,3,3,3,3,3,3
froth,2,3,4,5,4,3,4,4
frown,4,6,5,5,5,4,5,4
froze,7,5,5,5,5,4,4,4
fruit,5,5,3,3,3,3,3,3
fudge,5,3,4,4,4,4,4,4
fugue,4,4,3,4,3,4,3,4
fully,3,5,4,3,5,4,4,4
fungi,4,4,4,3,4,4,3,4
funky,2,4,5,4,5,4,4,3
funny,6,4,5,4,5,5,4,4
furor,4,3,4,3,3,4,3,3
furry,4,3,4,4,3,3,4,3
fussy,4,3,3,3,3,4,3,3
fuzzy,5,5,5,4,5,5,5,4
gaffe,6,3,4,4,4,4,4,3
gaily,3,4,4,4,4,4,4,4
gamer,4,4,4,4,4,3,3,4
gamma,3,3,3,4,3,3,3,4
gamut,3,4,3,3,3,3,4,3
gassy,4,2,3,3,3,3,3,4
gaudy,4,6,3,5,3,4,4,4
gauge,5,4,3,3,3,3,4,3
gaunt,4,4,3,3,3,4,4,4
gauze,4,4,4,4,4,4,4,4
gavel,7,3,3,4,3,3,5,4
gawky,3,5,4,4,4,4,4,4
gayer,4,3,5,5,5,4,3,4
gayly,4,5,5,5,5,4,4,4
gazer,7,5,6,6,6,4,4,4
gecko,4,4,4,4,4,4,4,3
geeky,3,4,4,4,4,4,4,4
geese,4,3,4,4,4,3,4,3
genie,4,4,3,3,3,4,4,3
genre,3,4,4,3,4,3,3,3
ghost,3,3,4,4,4,3,4,3
ghoul,5,3,4,4,3,3,4,3
giant,4,3,3,2,3,3,3,3
giddy,5,5,5,4,5,5,5,4
gipsy,3,3,3,2,3,4,3,3
girly,3,3,4,3,4,4,3,3
girth,5,3,4,2,4,3,3,3
given,4,4,3,3,3,4,3,4
giver,5,5,3,4,3,4,4,4
glade,4,4,4,5,3,4,3,3
gland,4,4,5,4,5,4,4,4
glare,6,4,3,3,3,3,3,3
glass,5,4,4,4,4,4,4,3
glaze,3,5,5,6,5,4,4,3
gleam,5,4,3,3,3,3,3,4
glean,4,3,4,4,4,3,4,3
glide,3,3,4,4,4,3,4,3
glint,5,3,3,3,2,4,4,4
gloat,5,4,5,5,4,4,4,4
globe,4,3,3,5,3,3,3,3
gloom,4,4,4,4,4,4,4,4
glory,5,4,3,4,4,4,4,3
gloss,4,4,3,3,3,4,3,3
glove,6,2,4,4,4,4,4,3
glyph,3,4,3,4,3,3,3,4
gnash,3,4,4,3,4,4,3,4
gnome,4,4,3,4,3,4,4,3
godly,5,3,4,4,4,4,4,4
going,6,4,4,4,3,4,4,4
golem,4,4,4,3,4,3,4,3
golly,3,2,5,4,5,5,5,4
gonad,4,4,3,3,3,3,3,3
goner,5,6,7,7,7,5,4,5
goody,5,3,4,3,3,4,4,3
gooey,4,5,6,6,6,4,4,4
goofy,4,4,4,4,4,4,3,4
goose,6,2,3,3,3,3,4,3
gorge,6,3,4,4,4,3,4,3
gouge,3,4,3,4,3,3,3,3
gourd,3,4,4,4,3,3,4,3
grace,3,3,2,2,2,3,3,4
grade,4,4,3,3,3,4,3,3
graft,3,3,4,3,4,4,4,4
grail,5,4,4,4,4,3,4,4
grain,3,5,4,5,4,4,4,4
grand,2,4,3,3,4,3,4,4
grant,4,4,4,2,4,4,4,3
grape,7,5,4,4,4,4,4,4
graph,4,4,4,3,4,4,3,4
grasp,3,4,4,4,4,4,3,3
grass,5,3,4,4,4,4,3,3
grate,5,3,5,5,5,3,4,3
grave,5,2,6,6,6,4,4,4
gravy,5,5,5,4,5,4,3,4
graze,4,6,7,7,7,4,4,5
great,4,4,3,3,3,4,3,3
greed,4,5,6,5,6,4,3,4
green,3,4,4,3,4,4,3,4
greet,4,4,4,4,4,4,4,4
grief,3,4,4,4,4,4,4,4
grill,4,3,3,5,3,4,3,3
grime,4,5,5,5,5,4,4,4
grimy,5,3,4,5,4,4,3,3
grind,4,4,4,4,4,4,3,3
gripe,4,3,3,3,3,3,3,3
groan,3,3,3,3,3,4,4,3
groin,5,4,4,3,4,4,3,3
groom,4,4,5,5,5,4,4,4
grope,5,3,3,3,3,3,3,3
gross,4,5,4,4,4,4,4,3
group,4,4,4,3,4,4,4,3
grout,3,3,3,4,3,3,4,3
grove,3,4,4,4,6,4,4,4
growl,5,4,3,4,5,4,4,4
grown,3,3,6,6,6,4,4,4
gruel,3,5,4,4,4,4,4,4
gruff,3,4,4,4,4,3,4,3
grunt,4,4,4,4,4,4,4,3
guard,5,5,4,4,4,4,3,3
guava,3,4,4,4,4,3,4,4
guess,3,4,4,4,4,4,3,3
guest,3,4,3,3,3,3,3,3
guide,5,4,3,3,3,3,3,3
guild,4,3,3,3,3,4,4,4
guile,3,4,3,3,3,3,4,3
guilt,3,3,4,4,3,4,4,4
guise,5,4,3,3,3,3,3,3
gulch,5,3,3,4,3,3,3,3
gully,3,3,5,4,6,5,4,5
gumbo,5,4,3,3,4,3,3,3
gummy,4,4,4,4,3,4,4,4
guppy,5,4,4,4,4,4,4,4
gusto,3,3,4,3,4,3,3,3
gusty,4,2,4,4,4,4,4,4
gypsy,5,3,3,3,3,4,3,3
habit,4,4,4,3,4,4,4,4
hairy,3,5,4,4,4,4,3,3
halve,5,4,3,3,3,3,4,3
handy,5,5,5,4,5,4,5,4
happy,4,5,4,5,4,5,5,4
hardy,4,3,4,3,4,4,3,4
harem,4,3,3,3,3,4,4,3
harpy,5,4,3,4,3,4,4,4
harry,5,4,4,2,4,4,4,3
harsh,4,3,2,2,2,3,2,2
haste,3,4,4,2,4,3,3,3
hasty,5,3,3,3,3,3,3,4
hatch,4,6,5,4,5,4,4,4
hater,4,4,5,5,5,4,4,4
haunt,5,5,4,4,4,4,4,4
haute,4,3,4,4,4,3,4,3
haven,4,3,3,3,3,4,4,4
havoc,3,4,5,4,5,4,3,4
hazel,4,4,5,5,5,4,4,4
heady,3,3,4,4,4,3,4,3
heard,2,3,4,5,4,3,4,3
heart,3,3,4,3,3,2,4,3
heath,5,3,4,4,4,3,4,3
heave,4,3,5,3,3,4,3,3
heavy,4,3,4,4,4,3,4,3
hedge,4,4,3,3,3,4,3,3
hefty,6,4,4,4,4,3,4,4
heist,3,3,3,3,3,4,3,3
helix,3,4,4,3,4,4,4,4
hello,2,5,4,4,4,4,4,4
hence,4,5,4,4,4,4,4,4
heron,4,4,4,4,4,3,3,3
hilly,5,6,6,6,6,4,4,5
hinge,5,4,3,4,3,4,4,4
hippo,5,4,3,4,3,4,4,3
hippy,3,4,3,4,3,4,4,4
hitch,3,4,4,4,4,4,4,4
hoard,4,5,4,3,4,3,4,3
hobby,6,5,4,4,4,3,3,5
hoist,7,3,2,3,2,4,3,4
holly,3,5,3,5,3,4,5,4
homer,3,7,4,5,5,3,3,3
honey,4,4,4,4,4,4,4,4
honor,3,4,4,3,4,3,3,4
horde,5,5,5,5,5,3,4,3
horny,3,3,4,3,4,3,3,3
horse,3,4,3,3,3,3,3,2
hotel,4,2,3,3,3,3,3,3
hotly,3,3,4,5,3,3,5,3
hound,3,5,5,4,3,4,4,4
house,3,3,4,3,4,3,3,3
hovel,3,3,4,3,4,4,3,4
hover,3,5,5,4,4,4,4,4
howdy,5,4,4,4,4,4,4,5
human,4,4,3,4,3,3,4,4
humid,3,3,4,4,4,4,4,4
humor,5,4,4,4,4,4,4,4
humph,6,4,3,3,3,3,3,4
humus,4,3,3,4,3,3,3,3
hunch,3,5,4,4,4,4,4,4
hunky,3,5,4,4,3,4,5,4
hurry,5,4,5,3,4,4,3,3
husky,5,4,4,4,4,4,4,3
hussy,2,4,3,3,3,4,3,3
hutch,4,5,4,4,5,4,5,4
hydro,4,3,3,4,4,3,4,3
hyena,4,4,4,4,4,4,4,4
hymen,4,4,4,4,4,4,4,4
hyper,5,5,5,5,5,4,3,4
icily,5,4,3,3,4,3,3,3
icing,4,3,3,3,4,4,4,3
ideal,3,4,3,3,3,4,3,4
idiom,3,4,4,4,4,4,3,3
idiot,5,4,3,3,3,3,3,3
idler,3,4,3,3,3,4,4,3
idyll,3,3,4,3,4,3,3,4
igloo,4,3,3,4,3,3,4,3
iliac,3,3,3,3,3,4,3,3
image,4,4,2,2,2,4,2,3
imbue,4,4,3,3,3,4,3,3
impel,4,5,3,3,3,3,3,4
imply,3,5,3,4,3,4,5,4
inane,3,5,3,3,3,4,3,3
inbox,2,4,3,3,3,3,3,4
incur,3,3,4,3,4,4,3,3
index,4,4,3,3,3,4,3,4
inept,4,3,4,3,3,3,4,3
inert,3,4,3,3,3,3,3,3
infer,3,3,3,3,3,4,4,4
ingot,3,3,3,3,3,3,3,3
inlay,3,3,3,4,3,3,3,4
inlet,3,4,3,2,3,4,3,3
inner,5,4,3,4,3,4,4,4
input,3,4,3,3,3,4,3,3
inter,4,3,4,5,4,3,4,4
intro,4,4,3,3,3,3,3,3
ionic,6,3,4,4,4,4,4,3
irate,4,4,2,2,2,3,2,3
irony,3,3,3,3,3,4,3,3
islet,6,2,2,2,2,3,2,4
issue,3,4,3,3,3,3,3,3
itchy,4,3,3,4,3,4,4,4
ivory,3,3,3,4,3,4,4,3
jaunt,6,6,5,5,5,5,5,5
jazzy,7,6,5,6,5,5,5,5
jelly,4,4,4,4,4,4,4,4
jerky,4,4,4,4,4,4,4,4
jetty,5,3,3,3,3,4,4,4
jewel,3,4,3,3,3,4,4,4
jiffy,5,5,5,5,5,5,5,4
joint,2,4,3,3,3,3,3,3
joist,5,4,4,4,4,4,3,4
joker,7,7,5,5,5,3,5,4
jolly,6,6,6,6,6,5,5,5
joust,4,4,3,3,3,4,3,3
judge,4,5,5,5,5,5,4,5
juice,3,3,4,4,4,4,3,3
juicy,4,4,4,4,4,3,3,3
jumbo,4,5,4,4,4,4,4,4
jumpy,4,4,4,4,5,4,4,4
junta,4,3,4,3,4,3,3,4
junto,4,4,4,4,4,3,4,3
juror,4,4,4,4,4,4,4,4
kappa,5,4,4,4,4,4,4,4
karma,4,3,4,4,4,4,3,3
kayak,3,4,4,4,4,4,4,4
kebab,4,4,4,4,4,4,4,4
khaki,4,3,4,4,4,3,4,3
kinky,4,3,4,4,4,4,4,4
kiosk,4,3,3,3,3,3,3,3
kitty,3,4,5,5,5,4,4,5
knack,6,4,4,3,4,4,3,3
knave,3,4,4,4,4,4,4,4
knead,6,3,4,4,4,3,4,4
kneed,5,3,4,4,4,3,3,3
kneel,4,4,4,5,4,3,3,3
knelt,3,4,4,4,4,4,3,4
knife,4,4,4,4,4,3,3,4
knock,4,3,3,3,3,3,4,3
knoll,4,4,3,3,4,3,4,3
known,4,3,4,4,4,4,4,3
koala,5,3,3,4,3,3,4,3
krill,5,5,6,6,6,3,3,4
label,5,3,3,4,3,4,4,4
labor,3,4,4,4,4,4,4,4
laden,5,3,3,3,3,4,3,3
ladle,5,4,4,4,4,4,3,4
lager,4,3,3,3,3,4,3,3
lance,4,3,3,3,3,4,4,4
lanky,4,3,5,5,5,3,4,3
lapel,4,4,4,5,4,4,5,4
lapse,4,3,2,4,2,4,3,3
large,4,4,3,3,3,3,3,3
larva,5,3,4,4,4,4,4,3
lasso,5,3,3,3,3,3,3,3
latch,3,3,6,5,6,3,4,3
later,5,3,6,2,6,4,3,3
lathe,3,2,4,4,4,3,4,3
latte,4,2,4,4,4,3,5,4
laugh,3,5,3,4,3,3,4,4
layer,6,4,4,4,4,4,3,4
leach,3,3,3,4,3,3,4,4
leafy,4,2,4,3,4,3,3,3
leaky,6,3,4,4,4,4,4,4
leant,5,3,3,3,3,3,3,3
leapt,4,4,4,4,4,3,4,3
learn,5,4,3,3,3,3,4,3
lease,5,2,3,3,3,3,3,3
leash,5,2,3,3,3,3,3,3
least,4,2,4,4,4,3,3,3
leave,5,2,3,4,3,3,3,3
ledge,6,3,3,4,3,4,4,3
leech,4,3,3,4,3,3,4,4
leery,5,4,4,3,3,3,3,3
lefty,3,2,3,4,3,3,4,4
legal,4,2,4,4,4,3,4,4
leggy,3,4,4,4,4,3,4,4
lemon,3,3,4,4,4,3,4,3
lemur,5,4,5,3,4,3,4,4
leper,3,3,4,3,4,4,4,4
level,5,2,4,4,4,3,4,4
lever,4,3,4,4,4,4,4,5
libel,4,3,4,3,3,3,4,4
liege,4,3,3,4,3,4,3,4
light,4,3,3,4,3,4,4,3
liken,4,4,4,3,3,3,4,4
lilac,3,3,3,3,3,3,3,3
limbo,4,4,3,4,3,3,4,4
limit,4,4,4,3,4,4,3,4
linen,4,3,5,4,2,3,3,3
liner,6,4,4,5,4,4,4,4
lingo,4,3,4,3,4,3,3,3
lipid,4,4,3,3,3,4,3,4
lithe,4,3,4,3,4,3,3,3
liver,5,3,4,5,4,5,4,4
livid,5,5,4,4,4,4,4,4
llama,4,4,4,4,4,4,4,3
loamy,4,4,3,4,4,2,4,2
loath,3,2,4,4,3,2,3,3
lobby,4,3,3,3,4,3,3,4
local,4,4,4,4,3,3,4,3
locus,3,2,5,3,5,3,4,3
lodge,3,3,4,3,4,3,3,3
lofty,4,3,4,4,5,3,4,3
logic,4,3,3,4,3,4,4,3
login,3,4,4,3,4,4,3,3
loopy,3,4,5,3,4,4,4,4
loose,6,2,2,4,2,3,3,3
lorry,5,5,4,3,4,4,4,3
loser,6,2,3,3,3,3,3,2
louse,4,3,3,3,3,3,3,3
lousy,4,3,3,3,3,3,3,3
lover,3,4,6,3,5,4,3,4
lower,4,4,5,4,4,4,4,4
lowly,6,3,4,4,4,4,4,4
loyal,4,4,4,4,4,4,4,4
lucid,3,4,4,4,4,4,4,3
lucky,5,3,4,4,3,4,4,4
lumen,4,4,4,4,4,4,5,4
lumpy,4,4,4,5,3,3,4,4
lunar,3,3,4,4,4,4,4,4
lunch,4,4,4,3,3,4,4,3
lunge,5,4,2,4,2,3,4,4
lupus,2,3,4,3,4,3,4,3
lurch,4,4,4,3,3,3,3,4
lurid,3,3,3,4,3,3,4,3
lusty,4,2,5,3,5,4,4,4
lying,4,3,3,3,3,3,4,3
lymph,4,4,4,4,3,3,3,4
lynch,4,3,3,4,3,3,4,4
lyric,4,4,3,4,3,3,4,4
macaw,3,4,3,4,3,4,4,3
macho,4,4,4,5,4,4,4,3
macro,3,3,4,3,4,3,3,3
madam,4,5,4,4,4,4,4,4
madly,4,5,5,4,5,4,5,4
mafia,4,4,3,4,3,4,3,4
magic,3,4,3,3,3,4,3,3
magma,2,4,4,4,4,4,4,4
maize,3,3,3,3,3,4,3,4
major,5,3,4,4,4,3,4,3
maker,5,5,5,6,5,4,3,4
mambo,4,5,4,4,4,4,4,4
mamma,3,5,4,5,4,4,4,4
mammy,5,3,6,7,6,5,5,4
manga,3,4,3,3,3,4,4,4
mange,5,2,4,4,4,4,4,4
mango,5,4,4,4,4,4,4,4
mangy,4,4,3,3,3,4,4,4
mania,4,3,3,3,3,3,3,4
manic,5,4,3,4,3,4,3,3
manly,4,4,6,4,6,3,4,4
manor,3,4,5,5,5,3,5,3
maple,3,5,5,5,5,3,5,4
march,5,3,4,3,4,3,4,4
marry,2,2,5,4,5,4,4,3
marsh,5,4,3,3,3,4,3,3
mason,4,4,3,3,3,3,3,3
masse,6,3,4,4,4,3,3,3
match,4,7,7,6,7,4,4,4
matey,4,4,4,3,4,4,3,3
mauve,4,4,5,5,5,3,4,3
maxim,4,5,4,5,4,4,4,4
maybe,5,5,4,4,4,4,3,4
mayor,6,3,3,3,3,4,3,4
mealy,2,3,4,3,4,3,3,4
meant,3,3,3,3,3,3,3,4
meaty,4,3,4,4,4,3,4,3
mecca,5,4,4,3,4,3,3,3
medal,3,5,4,3,4,3,3,4
media,5,4,3,3,3,4,3,4
medic,5,4,3,4,4,4,4,3
melee,2,4,5,4,5,4,4,4
melon,4,5,5,5,5,3,4,4
mercy,6,4,4,5,4,4,4,4
merge,5,4,4,3,4,3,3,4
merit,4,5,3,3,3,4,3,3
merry,6,3,6,5,3,5,5,4
metal,6,3,4,2,4,4,2,4
meter,5,4,4,4,3,4,4,5
metro,4,4,3,3,3,3,3,2
micro,4,3,3,3,3,3,3,3
midge,5,4,4,4,4,3,3,4
midst,3,3,3,4,3,3,3,3
might,3,4,4,4,4,4,4,4
milky,4,4,4,5,4,4,5,5
mimic,4,4,5,4,5,4,4,3
mince,4,3,3,4,3,3,3,3
miner,3,5,5,6,5,4,4,4
minim,4,4,5,4,5,4,4,4
minor,4,4,4,4,4,3,3,4
minty,4,5,5,3,6,3,4,3
minus,3,3,4,4,4,3,3,4
mirth,3,4,5,4,5,3,4,4
miser,4,3,2,2,2,4,3,3
missy,4,2,2,3,3,3,3,3
mocha,3,3,3,4,4,4,4,4
modal,3,4,5,4,4,3,4,3
model,4,4,4,4,4,3,4,3
modem,4,4,4,4,4,4,4,4
mogul,4,4,3,4,3,4,4,3
moist,4,5,5,5,5,3,4,4
molar,2,3,3,3,3,3,4,3
moldy,5,3,3,4,3,3,3,4
money,3,5,4,5,4,4,4,3
month,4,4,4,4,3,3,4,4
moody,4,4,5,4,3,4,4,4
moose,5,3,4,5,4,3,4,3
moral,5,3,4,4,4,3,4,3
moron,5,4,4,4,4,3,4,3
morph,4,4,3,3,4,4,3,4
mossy,4,3,4,4,4,4,4,3
motel,3,3,4,4,4,3,4,3
motif,3,3,4,3,4,3,3,4
motor,6,3,4,3,4,3,3,3
motto,3,4,4,4,4,3,4,4
moult,3,3,3,4,4,3,3,3
mound,6,6,6,5,3,4,4,4
mount,3,4,4,4,4,3,4,4
mourn,3,4,4,4,4,3,4,3
mouse,5,4,5,4,5,4,3,3
mouth,3,3,3,5,3,3,4,3
mover,6,6,4,6,6,3,5,5
movie,4,4,4,4,4,3,4,3
mower,4,5,3,5,5,3,5,4
mucky,6,3,4,4,3,4,4,4
mucus,4,3,4,4,4,4,4,4
muddy,2,4,4,4,3,4,3,5
mulch,3,3,4,5,2,3,4,4
mummy,7,5,5,5,4,4,5,5
munch,4,6,5,4,3,4,4,4
mural,4,4,4,4,4,3,3,3
murky,4,4,4,5,4,3,4,4
mushy,2,3,4,4,4,3,3,4
music,5,3,3,3,3,4,3,3
musky,6,4,5,5,5,4,4,4
musty,4,4,6,5,6,4,3,4
myrrh,4,3,4,4,3,4,4,3
nadir,3,4,2,2,2,3,3,4
naive,4,3,2,2,2,4,2,4
nanny,4,5,5,5,5,5,5,4
nasal,3,3,3,3,3,3,3,3
nasty,4,4,3,3,3,3,4,3
natal,5,3,5,5,5,3,5,3
naval,4,3,4,4,4,4,3,4
navel,5,5,2,5,2,3,4,3
needy,4,3,3,4,3,3,3,3
neigh,4,4,4,3,4,4,3,4
nerdy,3,6,5,4,3,4,4,3
nerve,5,4,3,3,3,4,3,3
never,5,3,5,4,5,4,4,5
newer,5,3,5,5,5,4,5,5
newly,5,4,4,3,4,3,4,4
nicer,4,4,3,4,3,4,4,5
niche,4,3,3,4,3,4,3,4
niece,4,4,4,5,4,4,4,4
night,3,5,5,4,5,3,4,4
ninja,2,4,3,4,3,4,3,4
ninny,6,4,5,5,5,5,5,3
ninth,6,4,5,4,5,3,4,4
noble,5,3,4,3,4,3,3,3
nobly,5,4,4,3,4,4,4,4
noise,4,5,2,2,2,3,2,3
noisy,3,3,3,3,3,4,3,4
nomad,5,4,4,4,4,3,4,3
noose,4,4,5,6,5,4,4,4
north,3,4,4,2,4,3,2,3
nosey,3,4,4,4,4,3,4,2
notch,4,4,4,4,3,3,3,4
novel,4,4,5,4,5,4,4,4
nudge,5,6,3,6,3,3,4,4
nurse,3,4,3,4,3,4,3,3
nutty,4,4,5,4,5,3,4,3
nylon,4,3,4,4,4,3,4,4
nymph,4,3,3,3,3,3,3,4
oaken,3,4,4,4,4,3,4,3
obese,4,3,3,4,3,3,4,3
occur,4,4,4,4,3,4,4,3
ocean,3,4,3,4,3,3,4,3
octal,4,3,4,4,3,3,3,3
octet,4,3,3,3,3,3,4,3
odder,4,4,3,3,3,3,4,3
oddly,3,3,3,4,5,4,4,4
offal,4,4,4,4,3,4,4,3
offer,4,4,4,4,4,3,4,3
often,3,4,4,4,4,3,3,3
olden,4,3,4,3,4,3,4,3
older,4,4,4,2,4,4,3,4
olive,3,3,4,4,4,3,4,3
ombre,4,4,4,4,4,3,3,3
omega,5,4,4,4,4,3,4,3
onion,5,4,4,4,3,3,3,3
onset,4,4,3,3,3,3,3,2
opera,5,4,3,4,3,2,4,2
opine,3,3,3,3,3,3,3,3
opium,3,4,4,4,5,4,4,4
optic,4,4,3,4,3,3,4,3
orbit,6,5,3,2,3,4,2,4
order,3,5,5,3,5,3,4,3
organ,4,4,3,3,3,4,4,4
other,4,4,3,3,4,2,3,3
otter,5,3,3,4,3,3,3,4
ought,4,3,4,4,4,3,4,3
ounce,4,4,4,4,4,3,3,3
outdo,2,4,3,4,4,3,3,3
outer,3,3,2,4,4,3,4,3
outgo,3,3,4,5,4,4,5,4
ovary,4,4,4,3,4,3,3,2
ovate,2,4,4,4,4,2,4,2
overt,3,4,3,3,4,3,3,3
ovine,4,3,4,4,4,4,4,4
ovoid,4,3,4,4,4,3,4,4
owing,6,4,4,4,4,4,4,3
owner,2,5,5,5,4,3,4,4
oxide,5,4,4,4,4,4,4,3
ozone,6,5,3,3,3,3,3,3
paddy,6,5,6,4,6,5,5,5
pagan,4,4,3,4,3,4,4,4
paint,5,4,3,3,3,4,3,4
paler,3,4,3,4,3,3,4,4
palsy,4,3,3,3,3,3,3,3
panel,3,6,3,4,3,3,5,3
panic,5,4,2,4,2,4,4,4
pansy,6,4,3,3,3,3,3,3
papal,5,3,4,5,4,4,4,4
paper,5,6,4,5,4,4,5,4
parer,6,3,4,4,4,4,4,5
parka,5,4,3,5,3,3,4,4
parry,5,5,3,5,3,4,4,4
parse,5,3,2,2,2,3,2,3
party,4,3,2,3,2,2,4,3
pasta,4,3,4,4,4,3,4,3
paste,3,5,5,5,5,4,4,3
pasty,4,2,4,4,4,3,4,4
patch,6,3,4,7,4,4,4,4
patio,3,4,3,4,3,3,3,3
patsy,3,3,4,4,4,4,4,3
patty,4,5,6,5,6,3,4,5
pause,3,2,3,3,3,4,3,3
payee,5,4,4,4,4,4,4,4
payer,4,4,5,6,5,4,4,4
peace,3,5,3,3,4,4,4,4
peach,5,4,4,4,4,4,4,3
pearl,3,3,4,4,4,3,4,3
pecan,3,4,4,4,4,3,4,3
pedal,3,4,3,4,3,4,4,4
penal,4,5,4,5,4,3,4,3
pence,5,3,5,5,5,4,4,4
penne,4,3,4,4,4,3,3,4
penny,3,5,4,4,4,4,4,4
perch,5,5,5,4,5,4,3,3
peril,5,3,4,3,4,4,4,4
perky,4,5,5,5,5,4,5,4
pesky,4,3,3,3,3,3,3,3
pesto,5,3,3,3,3,2,3,3
petal,4,4,5,4,5,3,4,4
petty,6,2,4,4,4,3,4,4
phase,4,3,4,4,4,3,3,3
phone,4,4,4,4,4,4,4,4
phony,3,3,3,3,4,3,4,3
photo,4,3,4,4,4,3,4,4
piano,3,4,4,3,4,3,4,2
picky,3,4,3,4,3,4,4,4
piece,4,3,4,5,4,4,4,4
piety,5,3,4,4,4,3,4,4
piggy,4,4,4,3,4,5,5,4
pilot,3,4,2,4,2,3,4,3
pinch,5,4,4,6,4,4,5,4
piney,6,4,3,4,3,3,4,4
pinky,6,4,4,5,4,4,5,4
pinto,3,4,3,5,3,3,4,3
piper,5,4,5,3,5,4,4,5
pique,4,3,5,4,5,4,3,4
pitch,5,5,3,5,3,4,5,4
pithy,4,3,4,4,4,4,5,4
pivot,3,3,3,5,3,4,5,4
pixel,4,6,4,4,4,4,4,4
pixie,3,4,6,5,6,4,4,4
pizza,5,4,4,4,4,3,3,4
place,5,5,3,3,4,3,4,4
plaid,5,4,3,5,3,3,4,3
plain,3,3,4,4,4,4,3,3
plait,2,2,3,3,3,3,4,4
plane,5,6,4,4,5,4,5,5
plank,3,5,5,5,4,4,5,4
plant,4,3,4,4,3,3,4,4
plate,5,3,2,3,3,4,5,4
plaza,3,5,4,5,5,4,4,4
plead,3,5,5,5,5,4,4,4
pleat,4,4,4,5,4,3,4,4
plied,5,4,4,4,4,4,3,4
plier,5,4,3,3,3,4,3,4
pluck,4,4,3,4,4,5,4,3
plumb,5,3,4,3,3,4,3,4
plume,6,5,4,4,4,4,4,4
plump,4,4,5,4,4,4,5,4
plunk,4,3,4,4,4,4,5,4
plush,3,4,4,4,4,4,4,4
poesy,4,4,4,4,4,3,3,3
point,6,4,4,4,4,4,4,4
poise,4,4,3,3,3,4,3,3
poker,3,5,6,6,6,4,6,5
polar,5,4,4,4,4,3,4,3
polka,4,4,4,5,4,3,3,3
polyp,4,3,4,4,4,3,4,3
pooch,4,3,4,4,4,4,4,4
poppy,5,6,5,4,5,4,4,5
porch,4,4,4,4,3,3,4,3
poser,2,3,4,4,4,4,4,3
posit,4,3,3,3,3,3,3,3
posse,4,5,4,4,4,3,4,3
pouch,2,3,3,4,4,4,4,3
pound,3,7,7,6,5,5,4,4
pouty,5,4,4,5,4,3,3,3
power,5,4,6,6,6,4,5,4
prank,4,5,5,6,5,4,4,4
prawn,5,5,5,5,4,3,4,4
preen,3,5,5,4,4,4,4,4
press,4,5,4,4,4,4,3,4
price,4,2,3,3,3,4,4,3
prick,7,4,4,4,4,4,4,4
pride,3,3,4,4,4,4,4,3
pried,3,5,5,5,5,4,3,4
prime,6,4,5,5,5,3,3,3
primo,4,3,3,3,3,3,3,4
print,4,3,2,2,2,3,4,3
prior,6,4,4,4,4,3,4,3
prism,4,3,4,4,4,3,3,4
privy,3,4,5,5,5,4,4,4
prize,5,5,6,6,6,4,4,4
probe,5,4,3,3,3,3,4,3
prone,7,3,4,4,4,3,4,3
prong,5,3,5,3,4,4,3,3
proof,4,5,5,4,4,4,3,4
prose,4,4,3,2,3,3,2,2
proud,4,4,4,3,5,4,4,4
prove,5,5,2,2,5,4,4,4
prowl,6,5,4,4,5,4,4,4
proxy,4,3,4,5,6,4,4,4
prude,3,4,3,3,3,3,3,3
prune,4,4,4,4,4,4,4,3
psalm,3,2,3,3,3,3,4,3
pubic,4,3,3,4,3,4,4,4
pudgy,3,4,4,4,3,4,4,3
puffy,5,4,4,4,4,4,4,4
pulpy,5,4,4,4,4,5,4,5
pulse,5,3,3,4,3,3,3,3
punch,4,3,6,4,5,4,4,4
pupal,4,4,4,4,4,4,4,4
pupil,5,4,3,3,3,4,3,4
puppy,2,5,5,5,5,5,5,5
puree,4,3,3,3,3,3,3,3
purer,3,5,4,5,5,4,4,3
purge,4,4,4,4,4,4,4,4
purse,5,5,4,5,4,3,4,3
pushy,4,4,5,5,5,4,4,4
putty,4,3,5,5,6,3,4,3
pygmy,3,4,4,4,3,4,4,4
quack,6,5,5,4,5,4,4,4
quail,6,4,5,4,5,4,4,4
quake,3,4,4,4,5,3,3,5
qualm,4,4,4,4,4,3,4,3
quark,3,3,4,4,4,4,4,3
quart,4,5,3,5,4,4,4,3
quash,4,5,5,4,5,4,4,4
quasi,4,4,2,2,2,3,2,3
queen,5,4,4,4,4,4,4,4
queer,4,4,5,6,5,3,5,4
quell,3,4,4,3,4,4,4,4
query,4,4,3,5,4,3,5,4
quest,4,5,4,4,4,4,3,4
queue,6,4,4,3,4,4,4,4
quick,4,4,3,3,4,4,4,4
quiet,4,4,3,4,3,4,3,4
quill,5,5,4,4,4,4,4,4
quilt,6,4,4,4,4,4,4,4
quirk,4,3,3,4,3,3,3,3
quite,4,3,3,3,3,3,3,3
quota,3,4,4,4,3,2,4,3
quote,4,4,4,3,4,2,3,4
quoth,5,4,4,4,3,3,4,4
rabbi,6,4,3,3,3,3,3,3
rabid,4,4,2,3,2,3,3,4
racer,5,2,2,5,2,3,4,5
radar,5,3,3,3,3,3,4,3
radii,5,3,3,3,3,3,3,4
radio,5,4,4,4,4,3,4,3
rainy,3,3,2,3,2,3,3,3
raise,4,4,1,2,1,2,2,3
rajah,4,4,3,3,3,3,4,4
rally,4,4,3,3,3,3,3,3
ralph,4,4,4,4,4,3,4,3
ramen,3,3,3,4,3,3,4,4
ranch,4,5,3,5,3,3,4,3
randy,3,4,2,4,2,4,3,3
range,3,3,2,3,2,3,3,3
rapid,3,5,3,4,3,4,4,4
rarer,4,3,3,5,3,3,5,5
raspy,4,3,2,3,2,3,3,3
ratio,3,4,3,3,3,2,4,4
ratty,5,6,4,5,4,2,4,4
raven,5,4,4,4,4,4,5,4
rayon,3,3,3,4,3,2,4,3
razor,6,4,4,4,4,3,5,4
reach,4,3,3,4,3,3,4,3
react,4,2,4,4,4,2,4,3
ready,3,4,3,3,3,3,3,3
realm,4,4,3,4,3,3,3,3
rearm,3,4,4,5,4,3,3,4
rebar,2,3,3,4,3,3,4,4
rebel,4,3,3,3,3,3,4,4
rebus,5,3,2,3,2,3,3,3
rebut,3,4,3,4,3,3,3,4
recap,6,3,4,4,4,3,4,4
recur,3,4,3,4,3,4,4,3
recut,5,4,4,4,4,3,4,4
reedy,5,3,3,4,3,3,5,3
refer,7,4,4,5,4,4,4,4
refit,4,4,3,3,3,3,4,3
regal,5,3,3,4,3,3,3,3
rehab,3,3,4,5,4,4,4,4
reign,5,4,2,3,2,3,3,4
relax,5,4,3,4,3,3,3,3
relay,6,3,2,5,2,3,3,4
relic,3,4,4,4,4,3,4,4
remit,4,5,4,4,4,3,4,4
renal,3,5,4,5,4,4,4,4
renew,4,3,3,4,3,3,4,4
repay,3,4,3,4,3,3,4,4
repel,3,4,4,4,4,3,4,4
reply,4,5,3,4,3,4,4,4
rerun,5,4,3,4,3,3,5,3
reset,4,3,3,3,3,3,3,3
resin,5,3,2,3,2,3,3,3
retch,3,4,4,5,4,3,3,4
retro,4,3,3,4,3,2,4,3
retry,4,4,4,4,4,3,4,3
reuse,4,4,2,2,2,3,3,3
revel,3,4,5,5,5,4,4,5
revue,5,5,3,3,3,3,3,4
rhino,3,3,2,3,2,2,3,4
rhyme,3,4,3,4,3,3,4,4
rider,5,4,3,3,3,4,4,3
ridge,3,4,2,2,2,3,2,3
rifle,5,4,3,3,3,3,3,4
right,7,6,3,3,3,2,4,3
rigid,5,4,3,3,3,2,4,3
rigor,5,4,3,4,3,3,3,4
rinse,4,4,2,2,2,3,2,3
ripen,3,4,3,2,3,3,3,3
riper,5,5,2,3,2,3,5,3
risen,5,3,3,3,3,4,3,3
riser,5,2,3,3,3,4,3,4
risky,5,4,2,2,2,3,3,3
rival,5,4,2,4,2,3,3,3
river,4,4,4,4,4,4,4,4
rivet,5,5,3,4,3,3,4,4
roach,5,3,3,3,3,2,4,2
roast,4,5,2,3,2,2,3,2
robin,4,5,2,4,2,3,3,3
robot,3,4,3,4,3,2,4,3
rocky,3,3,3,4,3,3,4,3
rodeo,4,4,4,3,4,3,5,4
roger,4,7,3,4,3,3,4,3
rogue,6,4,2,3,2,2,3,3
roomy,6,4,4,5,4,3,4,3
roost,4,4,2,3,2,3,3,2
rotor,5,4,4,4,4,3,4,4
rouge,4,4,3,3,3,3,3,3
rough,4,5,3,3,3,3,3,4
round,4,4,3,4,3,3,4,3
rouse,4,5,3,3,3,3,3,3
route,4,4,3,4,3,2,4,3
rover,5,3,4,5,4,3,6,4
rowdy,5,4,3,4,3,3,4,4
rower,5,6,5,3,5,3,5,3
royal,2,4,2,3,2,2,3,3
ruddy,5,4,2,4,2,3,4,4
ruder,4,5,3,4,3,3,4,3
rugby,4,5,3,4,3,3,4,3
ruler,3,4,2,4,2,3,4,4
rumba,4,4,3,4,3,4,4,4
rumor,3,4,3,4,3,3,4,4
rupee,3,3,3,4,3,3,4,3
rural,5,4,3,3,3,3,4,3
rusty,4,5,2,3,2,2,3,3
sadly,4,3,3,3,3,4,3,3
safer,6,3,2,3,2,3,3,3
saint,3,3,2,2,2,4,2,3
salad,3,2,4,4,4,3,4,3
sally,6,3,3,4,3,4,4,3
salon,4,4,2,3,2,3,4,2
salsa,4,3,2,3,2,4,3,3
salty,4,2,4,3,4,3,4,3
salve,3,2,3,3,3,4,3,3
salvo,3,5,3,4,3,3,4,3
sandy,4,4,3,3,3,4,3,3
saner,4,4,3,4,3,4,4,3
sappy,6,5,3,3,3,4,4,4
sassy,4,6,3,3,3,4,3,4
satin,3,4,3,3,3,3,3,3
satyr,4,3,2,3,2,3,3,3
sauce,4,2,3,4,3,4,3,2
saucy,4,2,4,5,4,4,3,3
sauna,2,3,4,3,4,3,4,4
saute,2,2,3,3,3,3,3,3
savor,4,3,3,3,3,4,3,2
savoy,4,3,3,4,3,3,4,3
savvy,6,4,5,5,5,4,4,4
scald,4,3,3,3,3,4,4,4
scale,4,2,3,3,3,3,3,3
scalp,3,4,4,4,4,4,4,4
scaly,4,5,5,5,5,4,4,4
scamp,4,4,4,3,4,3,3,3
scant,4,3,3,3,3,3,3,4
scare,5,3,2,2,2,3,3,3
scarf,4,3,3,4,3,3,3,4
scary,4,4,4,5,4,4,4,4
scene,4,4,3,3,3,3,3,3
scent,5,3,4,4,4,3,4,3
scion,3,3,3,3,3,3,3,3
scoff,5,4,4,4,4,4,4,4
scold,4,4,4,3,4,3,3,3
scone,3,4,3,3,3,3,3,3
scoop,4,4,5,4,5,4,4,3
scope,5,3,3,4,3,4,3,3
score,4,3,3,2,3,3,3,3
scorn,4,3,3,3,3,3,4,3
scour,4,4,3,3,3,3,3,2
scout,5,3,3,3,3,4,4,3
scowl,4,3,3,3,3,3,4,4
scram,5,3,3,3,3,3,3,3
scrap,5,4,3,4,3,4,3,3
scree,4,3,2,3,2,3,3,2
screw,3,3,3,3,3,4,3,3
scrub,3,4,3,3,3,3,3,3
scrum,4,5,4,4,4,4,4,3
scuba,4,3,3,4,3,3,4,3
sedan,3,3,3,3,3,4,3,3
seedy,4,3,3,3,3,3,3,4
segue,3,4,3,4,3,3,3,3
seize,3,4,4,4,4,4,4,4
semen,5,3,3,3,3,3,3,3
sense,4,4,4,4,4,3,4,3
sepia,4,3,2,2,2,4,2,3
serif,3,3,3,3,3,3,3,3
serum,3,4,3,3,3,4,3,3
serve,4,4,3,3,3,4,3,3
setup,3,3,3,3,3,3,3,3
seven,4,4,4,4,4,4,4,4
sever,5,3,3,3,3,4,3,3
sewer,5,4,4,2,4,4,2,3
shack,5,3,4,4,4,4,3,3
shade,5,3,4,3,4,4,4,4
shady,3,3,4,4,4,4,3,3
shaft,3,4,4,3,4,3,4,3
shake,6,4,5,4,4,4,4,3
shaky,3,3,3,5,3,3,4,3
shale,2,3,4,5,4,4,3,3
shall,4,2,4,4,4,3,3,3
shalt,5,3,3,3,3,3,4,3
shame,6,5,6,6,5,3,4,4
shank,4,4,3,3,3,3,3,4
shape,6,6,3,7,4,4,4,4
shard,7,3,4,4,4,3,3,4
share,5,2,3,3,3,4,3,3
shark,3,2,5,3,5,3,4,3
sharp,5,4,3,5,3,4,3,3
shave,5,7,7,7,6,4,5,4
shawl,4,3,3,4,3,4,4,3
shear,4,3,2,2,2,4,3,3
sheen,2,3,4,4,4,3,4,4
sheep,3,4,3,3,3,3,3,3
sheer,6,2,2,3,2,4,4,3
sheet,5,3,3,3,3,3,3,3
sheik,2,3,3,3,3,3,3,3
shelf,4,3,3,3,3,4,4,4
shell,5,2,4,4,4,5,4,4
shied,5,3,2,2,2,3,2,3
shift,4,3,3,3,3,3,3,3
shine,5,4,3,3,3,4,4,3
shiny,4,4,4,4,4,4,3,3
shire,3,3,2,2,2,3,2,2
shirk,3,3,2,2,2,3,2,3
shirt,2,4,3,3,3,3,3,3
shoal,4,3,3,4,3,4,4,3
shock,4,3,3,3,3,3,4,3
shone,4,3,4,4,4,3,3,4
shook,4,2,4,4,4,4,4,4
shoot,3,4,3,3,3,4,4,3
shore,3,4,3,3,3,3,3,3
shorn,4,4,3,3,3,3,4,3
short,4,3,2,2,2,3,3,3
shout,4,4,4,4,4,3,4,4
shove,4,4,4,4,4,4,3,4
shown,4,3,3,4,3,3,3,3
showy,4,4,4,5,4,4,4,4
shrew,4,3,3,4,3,5,4,4
shrub,4,3,3,3,3,3,4,3
shrug,3,4,4,4,4,4,4,3
shuck,3,4,3,4,3,4,3,3
shunt,6,3,3,3,3,2,4,3
shush,4,4,4,4,4,4,4,3
shyly,5,3,4,4,4,3,3,3
siege,5,3,2,2,2,3,2,3
sieve,4,4,3,3,3,3,3,3
sight,4,4,3,3,3,3,3,3
sigma,4,3,3,3,3,4,3,3
silky,4,3,3,3,3,3,3,3
silly,3,3,4,4,4,4,4,3
since,4,4,3,3,3,3,3,3
sinew,4,3,3,3,3,3,3,4
singe,4,4,3,3,3,3,3,3
siren,4,4,3,3,3,4,3,3
sissy,5,4,3,4,4,3,3,3
sixth,5,3,4,4,4,3,3,4
sixty,4,3,4,4,4,3,4,3
skate,5,2,3,3,3,3,3,3
skier,2,5,2,2,2,4,2,3
skiff,4,3,3,3,3,4,3,3
skill,5,2,4,4,4,4,4,3
skimp,4,4,5,5,5,3,4,4
skirt,4,4,3,3,3,4,3,3
skulk,4,3,4,4,4,3,4,3
skull,2,3,3,3,3,4,4,3
skunk,2,3,3,3,3,3,4,3
slack,3,2,3,3,3,3,3,3
slain,4,3,2,2,2,3,2,3
slang,4,4,4,3,4,3,3,3
slant,5,2,3,2,3,3,4,3
slash,5,4,2,2,2,4,2,3
slate,3,1,2,4,2,3,3,3
slave,5,2,3,4,3,3,3,3
sleek,3,2,3,3,3,3,3,3
sleep,4,3,3,3,3,4,3,3
sleet,6,2,3,3,3,2,3,3
slept,3,3,3,3,3,3,3,3
slice,5,2,4,4,4,4,4,4
slick,4,3,3,3,3,3,3,3
slide,6,3,5,5,5,4,4,4
slime,5,4,3,3,3,4,4,4
slimy,4,3,4,4,4,2,4,3
sling,5,3,3,3,3,4,3,4
slink,4,3,3,3,3,4,4,4
sloop,5,4,4,3,4,3,3,3
slope,5,3,4,5,4,3,3,3
slosh,5,5,3,3,3,4,3,3
sloth,5,2,4,3,4,3,3,3
slump,4,3,3,4,3,3,3,3
slung,4,3,3,4,3,3,4,4
slunk,4,2,4,3,4,4,4,3
slurp,3,4,3,3,3,3,4,3
slush,6,4,3,3,3,4,3,3
slyly,4,4,5,4,5,3,4,3
smack,3,3,4,4,4,4,3,3
small,4,3,5,5,5,4,3,4
smart,5,3,3,2,3,3,3,3
smash,5,3,3,3,3,3,4,3
smear,3,4,3,3,3,3,3,3
smell,5,3,4,4,4,4,4,4
smelt,2,2,3,3,3,3,3,3
smile,5,2,4,4,4,3,3,3
smirk,4,4,3,3,3,4,3,3
smite,6,2,4,4,4,3,4,3
smith,4,4,4,4,4,3,4,3
smock,2,3,4,4,4,4,3,4
smoke,3,4,5,3,5,3,4,3
smoky,4,3,3,4,3,4,4,4
smote,5,3,3,3,3,3,4,3
snack,4,4,4,3,4,4,3,4
snail,3,3,3,3,3,3,3,4
snake,4,4,4,4,5,4,4,3
snaky,4,3,4,4,4,4,4,3
snare,4,4,4,4,4,4,3,3
snarl,3,4,5,5,5,4,3,4
sneak,4,3,3,3,3,4,3,3
sneer,6,3,3,4,3,5,4,3
snide,4,5,3,3,3,3,3,3
sniff,3,4,4,4,4,4,4,4
snipe,5,3,2,2,2,4,4,3
snoop,3,5,4,3,4,3,3,4
snore,5,5,4,4,4,3,3,3
snort,5,4,3,3,3,3,3,3
snout,4,5,3,5,3,3,3,4
snowy,6,4,4,4,4,3,3,4
snuck,3,4,3,4,3,4,4,4
snuff,4,4,3,4,3,4,4,3
soapy,4,4,4,4,4,3,4,2
sober,4,3,3,4,3,4,4,2
soggy,3,3,4,3,4,4,4,3
solar,4,3,3,4,3,3,3,2
solid,4,3,3,3,3,3,3,3
solve,3,3,3,3,3,4,3,2
sonar,3,4,4,5,4,3,4,3
sonic,2,4,3,3,3,4,4,3
sooth,6,2,4,3,4,3,4,3
sooty,4,3,4,4,4,3,4,3
sorry,4,4,3,3,3,4,3,2
sound,3,5,4,4,4,4,4,3
south,4,3,3,3,3,3,4,3
sower,3,4,4,3,4,3,3,3
space,4,3,4,4,4,3,3,3
spade,3,4,5,5,3,4,4,4
spank,6,4,4,4,4,4,3,4
spare,4,5,5,5,5,4,3,3
spark,5,3,3,4,3,4,4,3
spasm,4,4,3,3,3,4,3,4
spawn,3,4,4,4,4,4,4,4
speak,5,3,4,4,4,4,4,3
spear,5,2,4,4,4,4,3,3
speck,5,3,4,4,4,4,4,3
speed,2,3,3,3,3,4,3,4
spell,5,4,3,3,3,4,3,3
spelt,3,3,2,2,2,4,2,3
spend,4,4,4,4,4,3,4,4
spent,4,3,3,3,3,4,3,3
sperm,3,3,3,3,3,4,3,2
spice,2,3,3,3,3,3,3,4
spicy,5,4,3,3,3,4,4,4
spied,5,4,3,3,3,4,3,3
spiel,6,3,3,3,3,3,3,3
spike,4,4,4,4,4,4,4,4
spiky,4,4,4,4,4,4,4,4
spill,4,3,4,4,4,4,4,3
spilt,2,3,4,4,4,3,3,3
spine,4,5,3,3,3,4,4,3
spiny,6,3,5,5,5,4,4,4
spire,6,3,3,3,3,3,3,3
spite,4,3,5,5,5,3,4,4
splat,5,2,3,3,3,4,4,3
split,3,3,3,3,3,4,3,3
spoil,4,3,3,3,3,4,3,3
spoke,5,3,4,4,4,4,4,4
spoof,5,4,4,4,4,4,4,4
spook,4,3,4,5,4,4,5,4
spool,6,4,4,3,4,3,4,3
spoon,5,5,4,4,4,3,3,4
spore,3,2,5,5,5,3,3,3
sport,4,5,4,4,4,3,4,3
spout,3,6,5,6,5,3,4,4
spray,3,3,3,5,3,3,3,3
spree,4,3,3,4,3,3,3,3
sprig,6,4,2,3,2,3,3,3
spunk,5,4,5,4,5,4,4,4
spurn,4,4,4,4,4,3,3,3
spurt,3,4,3,3,3,3,3,3
squad,5,3,4,5,4,4,4,3
squat,3,3,3,3,3,4,4,3
squib,4,4,3,3,3,3,3,4
stack,6,4,3,3,3,3,4,3
staff,4,5,3,4,3,4,4,4
stage,4,2,3,3,3,3,4,4
staid,4,3,3,3,3,3,3,3
stain,6,4,3,3,3,3,3,4
stair,5,3,2,2,2,3,2,2
stake,4,3,4,4,4,3,4,4
stale,3,2,3,5,3,3,3,3
stalk,5,2,2,3,2,3,4,3
stall,4,3,3,4,3,4,4,3
stamp,6,6,4,5,4,4,3,4
stand,5,4,5,3,5,4,4,4
stank,5,5,4,4,4,3,4,4
stare,4,4,6,6,6,3,3,3
stark,2,3,3,3,3,3,3,3
start,5,2,4,3,4,4,4,3
stash,4,7,4,4,4,4,4,3
state,4,3,4,5,4,3,4,4
stave,4,5,5,6,5,3,5,4
stead,5,2,3,2,3,4,3,3
steak,4,3,2,3,2,4,3,3
steal,5,2,4,4,4,3,3,4
steam,4,4,5,5,5,4,4,3
steed,6,3,3,3,3,3,3,3
steel,3,3,3,3,3,3,3,3
steep,4,2,3,3,3,4,3,4
steer,4,4,4,5,4,3,4,4
stein,3,3,3,3,3,3,3,3
stern,3,4,4,4,4,3,4,3
stick,5,4,3,3,3,4,3,3
stiff,7,4,4,4,4,4,4,4
still,4,3,3,3,3,4,3,4
stilt,5,2,4,4,4,4,4,4
sting,2,4,3,3,3,3,3,3
stink,4,3,2,2,2,4,4,4
stint,4,3,4,4,4,3,3,4
stock,3,4,3,3,3,3,4,3
stoic,3,5,2,2,2,3,3,4
stoke,5,2,3,2,3,3,4,3
stole,4,2,4,3,4,3,3,3
stomp,5,5,3,4,3,3,3,3
stone,5,3,2,4,2,3,4,3
stony,3,6,3,5,3,4,3,4
stood,4,5,4,3,4,4,4,3
stool,5,3,5,2,5,4,4,3
stoop,4,4,4,4,4,4,4,4
store,5,4,6,6,6,3,3,3
stork,5,3,3,3,3,4,4,4
storm,4,4,4,4,4,4,4,4
story,4,5,5,5,5,4,4,4
stout,5,2,3,6,3,4,4,4
stove,6,5,5,5,5,3,4,4
strap,3,2,2,4,2,3,3,3
straw,3,3,3,5,3,3,4,3
stray,3,4,4,4,4,3,4,3
strip,3,4,3,4,3,3,3,3
strut,4,3,3,3,3,3,3,3
stuck,4,4,3,4,3,4,4,3
study,4,4,3,4,3,4,4,4
stuff,4,5,4,5,4,4,4,4
stump,2,6,5,6,5,4,3,4
stung,3,4,3,4,3,3,4,4
stunk,4,3,2,3,2,4,4,4
stunt,6,3,4,5,4,3,4,4
style,4,3,3,3,3,3,3,3
suave,4,5,5,6,5,3,3,4
sugar,5,3,4,4,4,3,4,3
suing,4,4,4,4,4,4,3,3
suite,3,4,5,5,5,3,4,4
sulky,3,3,3,4,3,4,4,3
sully,4,3,3,4,3,4,4,4
sumac,4,3,4,5,4,4,4,3
sunny,3,4,3,4,3,3,3,4
super,3,4,4,3,4,3,3,3
surer,4,5,5,4,5,4,4,4
surge,4,4,3,4,3,4,4,3
surly,4,4,4,4,4,3,3,3
sushi,4,3,4,4,4,4,4,3
swami,4,4,3,3,3,3,3,3
swamp,5,3,3,4,3,4,4,4
swarm,6,4,6,3,6,4,4,3
swash,5,4,5,5,5,4,4,4
swath,3,2,4,4,4,2,3,4
swear,4,5,5,5,5,4,4,4
sweat,3,3,3,3,3,3,3,3
sweep,5,4,4,4,4,4,4,4
sweet,4,4,4,4,4,4,4,4
swell,6,5,5,5,5,4,4,4
swept,4,4,3,3,3,4,3,3
swift,5,4,4,4,4,4,4,4
swill,4,4,4,4,4,4,4,4
swine,5,5,4,4,4,4,4,4
swing,5,5,5,5,5,3,4,4
swirl,5,3,3,3,3,3,3,3
swish,4,4,3,4,3,4,3,3
swoon,3,4,4,4,4,4,4,4
swoop,6,3,4,5,4,4,5,4
sword,3,4,4,4,4,4,3,3
swore,4,6,7,7,7,4,4,4
sworn,4,4,4,4,4,4,4,3
swung,4,4,4,4,4,4,4,4
synod,4,4,4,3,4,4,4,3
syrup,3,4,4,4,4,4,4,3
tabby,6,3,3,4,3,3,4,4
table,3,3,4,4,4,3,4,3
taboo,4,4,3,5,3,3,4,3
tacit,4,3,4,4,4,3,4,3
tacky,5,4,4,3,4,4,3,4
taffy,5,5,5,4,5,4,4,4
taint,4,3,4,4,4,4,4,4
taken,4,3,3,4,3,4,4,4
taker,5,3,3,3,3,4,4,4
tally,5,3,6,5,6,4,4,3
talon,4,4,3,5,3,3,5,3
tamer,2,4,4,4,4,4,3,4
tango,5,3,3,4,3,4,3,4
tangy,4,4,2,4,2,3,3,4
taper,4,5,2,5,2,4,5,4
tapir,5,4,3,3,3,3,4,4
tardy,4,6,3,4,3,3,4,4
tarot,4,4,4,5,4,3,4,4
taste,5,6,6,6,6,4,4,3
tasty,6,5,5,5,5,4,4,4
tatty,2,7,7,6,7,5,5,4
taunt,3,2,4,6,4,5,5,5
tawny,5,3,3,3,3,3,3,3
teach,4,3,3,4,3,3,4,3
teary,4,3,3,4,4,3,3,3
tease,6,2,4,4,4,3,3,3
teddy,4,3,4,4,4,4,3,4
teeth,4,3,3,3,3,3,3,3
tempo,4,4,4,3,4,3,4,3
tenet,3,2,3,3,3,4,3,3
tenor,2,3,3,3,3,3,4,3
tense,3,2,5,5,5,3,3,3
tenth,4,4,4,4,4,3,3,3
tepee,4,4,4,4,4,3,4,3
tepid,3,4,4,4,4,4,3,4
terra,5,4,4,4,4,3,4,3
terse,5,3,4,3,4,3,3,3
testy,4,2,3,3,3,3,3,3
thank,3,3,3,4,4,3,3,3
theft,4,3,4,4,4,4,4,4
their,3,3,3,4,3,3,4,3
theme,5,3,3,4,3,3,4,4
there,4,3,3,3,3,3,3,2
these,3,3,4,3,4,3,3,3
theta,3,3,3,4,3,3,4,4
thick,5,3,4,4,3,3,3,3
thief,3,4,3,4,3,3,3,3
thigh,5,3,3,3,3,4,3,3
thing,4,4,4,4,3,3,4,3
think,4,4,4,4,3,4,4,4
third,3,4,3,3,3,3,3,3
thong,4,3,4,4,4,3,4,3
thorn,2,4,4,3,3,3,3,3
those,3,3,4,3,4,3,3,3
three,4,4,4,4,4,3,4,4
threw,4,4,4,4,3,3,4,4
throb,4,3,3,3,3,3,3,3
throw,4,4,4,4,4,4,4,4
thrum,3,4,3,3,3,3,3,3
thumb,3,4,3,3,3,3,3,4
thump,4,4,4,5,4,4,4,4
thyme,5,4,4,4,4,4,4,4
tiara,3,3,3,4,3,3,4,3
tibia,4,4,3,3,3,3,4,3
tidal,4,3,2,4,2,3,3,3
tiger,6,3,4,5,4,4,4,4
tight,6,2,6,5,6,5,5,5
tilde,2,3,3,3,3,3,3,4
timer,3,4,6,6,6,4,5,5
timid,4,3,4,4,4,3,4,4
tipsy,3,3,4,3,2,3,3,4
titan,5,3,3,3,3,4,3,3
tithe,6,3,4,4,4,4,4,3
title,4,2,4,4,4,4,4,3
toast,3,2,5,5,5,3,4,3
today,4,3,4,3,3,3,3,3
toddy,5,4,4,4,5,4,4,3
token,3,3,4,3,4,3,4,3
tonal,3,4,3,4,4,3,3,3
tonga,3,3,4,4,3,3,4,3
tonic,4,3,3,3,3,3,3,4
tooth,4,4,4,4,4,4,4,4
topaz,3,4,4,4,4,3,4,4
topic,2,4,4,3,4,3,3,4
torch,5,4,4,3,3,3,3,3
torso,4,3,3,3,3,2,3,3
torus,4,3,3,3,3,3,3,3
total,3,4,4,4,4,3,4,4
totem,3,3,4,4,4,3,4,3
touch,3,4,4,5,5,3,4,3
tough,5,4,4,4,5,4,4,4
towel,4,3,3,2,3,3,4,4
tower,5,4,3,7,4,2,3,3
toxic,5,5,4,4,4,4,4,4
toxin,4,4,4,4,4,3,4,4
trace,4,2,4,4,4,2,4,3
track,5,3,3,3,4,3,3,3
tract,3,3,4,4,3,4,4,3
trade,4,3,4,4,4,3,4,3
trail,4,2,2,3,2,4,3,3
train,3,3,3,2,3,4,3,3
trait,4,2,4,4,4,4,3,3
tramp,5,4,4,4,4,3,4,3
trash,3,3,4,4,4,3,3,3
trawl,3,3,5,5,5,4,3,3
tread,3,4,2,2,3,3,3,3
treat,4,3,3,3,4,4,4,4
trend,4,3,4,4,3,4,3,4
triad,4,4,3,3,3,4,3,4
trial,5,4,4,4,4,3,3,3
tribe,3,3,3,3,3,3,3,3
trice,6,2,4,4,4,3,3,4
trick,2,4,4,4,4,3,4,4
tried,3,4,6,6,6,4,4,4
tripe,2,4,2,2,2,3,4,4
trite,6,3,5,5,5,2,4,4
troll,5,4,3,4,4,3,4,4
troop,4,4,3,3,4,4,3,4
trope,3,3,4,4,2,2,3,4
trout,4,3,3,4,4,4,4,4
trove,3,4,5,5,3,3,4,4
truce,3,3,4,4,3,3,4,3
truck,3,3,3,3,3,3,4,4
truer,3,5,3,4,3,4,4,4
truly,3,3,2,4,3,4,4,3
trump,4,4,4,3,4,4,4,4
trunk,5,4,4,3,5,4,4,3
truss,4,3,3,3,3,3,3,3
trust,5,3,3,3,3,3,3,3
truth,3,4,5,5,6,3,4,4
tryst,3,4,4,4,4,3,4,3
tubal,3,5,4,4,3,4,4,4
tuber,4,6,3,4,4,4,4,4
tulip,3,3,3,3,3,3,3,4
tulle,3,3,3,4,3,3,4,3
tumor,4,4,4,3,3,3,3,3
tunic,3,4,4,3,4,3,3,3
turbo,5,5,4,3,4,4,3,4
tutor,4,3,4,4,4,4,4,3
twang,3,4,4,4,5,4,4,3
tweak,3,4,3,4,3,4,4,4
tweed,5,3,3,3,3,3,3,3
tweet,6,3,4,4,4,3,4,4
twice,3,3,3,3,3,3,3,3
twine,5,3,4,4,4,3,3,4
twirl,4,3,4,3,4,4,3,3
twist,4,3,3,3,3,4,4,3
twixt,3,3,4,4,4,4,3,3
tying,5,3,5,5,4,3,4,4
udder,4,5,3,3,4,3,4,3
ulcer,5,4,4,4,4,4,4,4
ultra,4,3,4,4,4,3,3,3
umbra,4,3,4,4,4,4,4,3
uncle,5,5,3,4,3,3,3,3
uncut,5,4,4,4,4,4,4,3
under,2,6,4,4,4,4,4,4
undid,5,3,4,3,4,4,3,4
undue,3,4,3,4,3,4,3,4
unfed,3,4,4,4,4,4,3,3
unfit,4,4,3,3,3,3,3,4
unify,4,4,3,3,4,4,4,3
union,4,5,4,4,4,4,4,4
unite,4,4,3,3,3,3,3,3
unity,3,3,4,4,3,3,4,3
unlit,4,3,3,3,3,4,3,3
unmet,3,3,4,4,4,4,3,4
unset,4,3,4,4,4,3,4,3
untie,3,3,3,2,3,3,3,3
until,2,3,3,2,3,4,2,3
unwed,5,5,4,3,4,4,4,4
unzip,4,4,3,4,3,4,4,4
upper,5,6,5,5,5,4,4,4
upset,5,4,3,3,3,4,3,3
urban,4,4,4,3,4,4,4,4
urine,5,4,5,5,5,3,3,3
usage,2,3,3,4,3,3,4,3
usher,4,3,3,4,3,4,4,4
using,4,3,3,3,3,3,4,3
usual,5,3,3,4,3,4,4,4
usurp,4,4,3,3,3,4,4,2
utile,2,3,2,2,2,3,3,3
utter,4,4,3,4,4,3,4,4
vague,5,4,4,4,4,3,3,3
valet,4,3,3,4,3,3,4,3
valid,3,4,5,4,5,4,3,3
valor,4,5,3,3,3,4,5,3
value,4,4,4,4,4,3,3,3
valve,7,3,4,4,4,4,5,4
vapid,5,5,3,4,3,4,4,4
vapor,4,5,3,4,3,4,4,4
vault,4,4,5,5,5,4,4,4
vaunt,3,7,6,7,6,5,5,5
vegan,4,5,4,4,4,4,4,4
venom,5,3,4,4,4,3,4,3
venue,4,4,3,4,3,4,4,4
verge,5,5,3,2,4,4,4,4
verse,5,4,5,4,5,4,4,3
verso,4,4,3,2,3,3,2,2
verve,5,5,4,3,4,4,4,4
vicar,4,4,4,4,4,3,4,4
video,3,3,3,4,4,3,4,3
vigil,3,3,4,4,4,4,4,4
vigor,5,4,4,4,4,4,4,4
villa,3,3,3,4,3,4,4,4
vinyl,3,4,4,3,4,4,3,3
viola,3,4,4,4,4,3,4,4
viper,4,3,4,4,4,5,3,5
viral,5,5,3,4,3,4,4,3
virus,4,4,3,3,3,3,3,3
visit,3,3,3,3,3,4,4,3
visor,4,4,3,3,3,4,3,3
vista,3,3,3,3,3,3,3,3
vital,5,4,3,4,3,4,4,4
vivid,5,4,4,4,4,4,4,4
vixen,5,4,4,4,4,4,4,4
vocal,3,5,5,5,4,4,5,4
vodka,4,5,3,4,4,4,4,4
vogue,4,4,3,4,3,3,3,3
voice,3,4,4,4,4,4,4,3
voila,5,4,3,4,3,3,4,3
vomit,4,4,3,4,3,3,4,4
voter,5,4,3,5,4,3,3,3
vouch,3,4,5,6,6,4,5,4
vowel,5,3,4,5,4,4,4,4
vying,4,4,5,5,5,4,4,4
wacky,4,4,4,4,4,4,3,4
wafer,5,5,5,4,5,4,4,5
wager,5,5,5,3,5,5,5,5
wagon,4,4,4,5,4,4,4,4
waist,3,3,3,3,3,3,3,3
waive,5,4,3,3,3,4,3,4
waltz,3,2,5,5,5,3,3,4
warty,3,4,3,4,3,3,4,4
waste,4,7,7,7,7,4,5,4
watch,6,7,7,7,7,5,5,5
water,3,5,7,6,7,3,5,4
waver,4,6,6,5,6,5,5,6
waxen,6,5,4,5,4,4,4,4
weary,4,4,4,4,4,3,4,3
weave,4,4,4,4,4,4,4,4
wedge,4,5,4,4,4,4,4,4
weedy,4,4,4,3,4,4,3,3
weigh,3,4,4,3,4,4,3,4
weird,3,4,3,4,3,3,3,3
welch,5,4,4,3,4,4,4,4
welsh,5,3,3,3,3,3,3,3
wench,4,5,4,4,4,4,4,4
whack,4,6,6,5,6,4,5,4
whale,4,3,4,3,4,4,4,4
wharf,5,4,5,4,4,4,4,4
wheat,4,3,3,4,3,4,4,4
wheel,5,5,5,3,5,4,4,4
whelp,4,4,4,4,4,4,4,4
where,5,5,4,4,4,4,4,3
which,3,4,4,4,4,4,4,4
whiff,4,4,4,4,4,4,4,3
while,6,3,4,4,4,4,4,4
whine,5,4,4,4,4,3,4,4
whiny,3,4,4,4,3,4,4,4
whirl,5,4,4,3,4,3,3,3
whisk,4,4,4,4,4,4,4,3
white,3,3,4,4,4,3,4,4
whole,2,4,5,4,5,3,3,3
whoop,3,4,4,3,3,3,4,4
whose,4,4,5,4,5,4,3,3
widen,3,5,2,4,4,4,3,4
wider,5,5,4,5,4,4,4,4
widow,4,4,3,4,3,4,4,4
width,4,5,4,4,3,3,4,4
wield,4,3,3,4,4,4,3,4
wight,4,7,7,6,7,4,5,4
willy,5,7,7,7,7,5,5,5
wimpy,4,4,4,5,4,3,4,5
wince,4,4,4,5,4,4,4,4
winch,6,5,4,7,4,5,4,4
windy,3,5,3,4,3,4,4,4
wiser,3,4,3,4,3,4,3,4
wispy,3,5,4,4,4,4,4,3
witch,6,6,5,6,4,4,4,4
witty,5,5,6,6,4,4,4,5
woken,4,4,4,3,4,4,4,4
woman,4,3,4,5,4,3,5,3
women,4,5,3,4,3,4,5,3
woody,2,5,4,5,4,4,4,5
wooer,4,5,4,4,4,3,4,3
wooly,3,5,5,4,4,4,5,4
woozy,4,5,4,4,5,4,4,5
wordy,4,3,4,4,4,3,4,4
world,4,4,3,4,5,3,4,4
worry,3,4,5,4,4,4,4,3
worse,2,5,4,4,4,3,4,3
worst,4,5,3,3,3,3,3,3
worth,3,5,5,4,5,3,4,4
would,5,3,3,4,4,4,4,4
wound,6,7,7,7,6,4,5,5
woven,4,4,5,5,5,4,4,3
wrack,5,3,5,4,5,4,4,3
wrath,4,2,5,4,4,2,4,4
wreak,5,5,6,6,6,5,4,5
wreck,4,4,4,4,4,4,4,4
wrest,5,4,4,4,4,4,3,3
wring,4,4,4,4,4,4,4,4
wrist,3,4,4,4,4,4,4,4
write,5,2,3,3,3,3,4,4
wrong,3,4,4,4,5,4,4,4
wrote,4,3,6,6,3,2,4,3
wrung,4,4,3,4,4,4,4,3
wryly,4,4,4,4,4,4,4,4
yacht,4,4,3,3,3,3,3,3
yearn,3,3,4,4,5,3,3,3
yeast,3,4,5,5,5,4,3,3
yield,3,5,4,5,5,4,4,4
young,3,3,4,4,4,3,3,3
youth,3,4,4,4,4,3,4,3
zebra,4,4,4,4,4,4,4,3
zesty,4,3,4,4,4,4,4,4
zonal,2,4,4,4,5,3,4,4
